#pragma once
#include <stddef.h>
#include <stdint.h>

static const size_t EMBEDDED_BOOTLOADER_LEN = 19984;
static const char EMBEDDED_BOOTLOADER_MD5[] = "e536c176c97b5905286ed980da47abe8";
static const uint8_t EMBEDDED_BOOTLOADER[] = {
  0xE9, 0x03, 0x02, 0x4F, 0xB8, 0x88, 0x3C, 0x40, 0xEE, 0x00, 0x00, 0x00, 0x09, 0x00, 0x00, 0x00,
  0x00, 0xFF, 0xFF, 0x00, 0x00, 0x00, 0x00, 0x01, 0x20, 0x28, 0xCE, 0x3F, 0xCC, 0x10, 0x00, 0x00,
  0x50, 0x00, 0x00, 0x00, 0x01, 0x00, 0x00, 0x00, 0x76, 0x35, 0x2E, 0x35, 0x2E, 0x34, 0x00, 0x00,
  0x00, 0x00, 0x00, 0x00, 0x00, 0x00, 0x00, 0x00, 0x00, 0x00, 0x00, 0x00, 0x00, 0x00, 0x00, 0x00,
  0x00, 0x00, 0x00, 0x00, 0x00, 0x00, 0x00, 0x00, 0x4A, 0x75, 0x6E, 0x20, 0x20, 0x32, 0x20, 0x32,
  0x30, 0x32, 0x36, 0x20, 0x31, 0x31, 0x3A, 0x32, 0x37, 0x3A, 0x32, 0x36, 0x00, 0x00, 0x00, 0x00,
  0x00, 0x00, 0x00, 0x00, 0x00, 0x00, 0x00, 0x00, 0x00, 0x00, 0x00, 0x00, 0x00, 0x00, 0x00, 0x00,
  0x07, 0x00, 0x00, 0x00, 0x78, 0x28, 0xCE, 0x3F, 0x1F, 0x37, 0xCE, 0x3F, 0xC2, 0x00, 0x20, 0x00,
  0xFF, 0xB0, 0xC0, 0x3C, 0x40, 0x08, 0xC1, 0x3C, 0x40, 0x06, 0x24, 0x37, 0xCE, 0x3F, 0x9D, 0x00,
  0x40, 0x00, 0xCF, 0xB0, 0xC0, 0x3C, 0x40, 0x08, 0xC1, 0x3C, 0x40, 0x06, 0x29, 0x37, 0xCE, 0x3F,
  0xEF, 0x00, 0x40, 0x00, 0xFF, 0xE0, 0xC0, 0x3C, 0x40, 0x30, 0xC1, 0x3C, 0x40, 0x09, 0x31, 0x37,
  0xCE, 0x3F, 0xC8, 0x00, 0x60, 0x00, 0xFF, 0xE0, 0xC0, 0x3C, 0x40, 0x30, 0xC1, 0x3C, 0x40, 0x09,
  0x34, 0x37, 0xCE, 0x3F, 0x20, 0x17, 0x38, 0xFF, 0xFF, 0x44, 0xC1, 0x3C, 0x40, 0x78, 0xC1, 0x3C,
  0x40, 0x06, 0x3E, 0x37, 0xCE, 0x3F, 0xCD, 0x00, 0x60, 0x00, 0xFF, 0xE0, 0xC0, 0x3C, 0x40, 0x30,
  0xC1, 0x3C, 0x40, 0x09, 0x00, 0x00, 0x00, 0x00, 0xFF, 0xFF, 0xFF, 0xFF, 0xFF, 0xC8, 0xC0, 0x3C,
  0x40, 0x1C, 0xC1, 0x3C, 0x40, 0x01, 0x00, 0x00, 0xFF, 0xFF, 0xFF, 0xFF, 0x1B, 0x00, 0x00, 0x00,
  0x1B, 0x00, 0x00, 0x00, 0x1C, 0x00, 0x00, 0x00, 0x1C, 0x00, 0x00, 0x00, 0xB4, 0x06, 0x00, 0x40,
  0x28, 0x50, 0x04, 0x00, 0xF8, 0x27, 0x03, 0x00, 0x01, 0x00, 0x00, 0x00, 0x00, 0xF0, 0x01, 0x60,
  0x00, 0x00, 0x00, 0x00, 0x04, 0x00, 0x00, 0x00, 0x05, 0x00, 0x00, 0x00, 0x06, 0x00, 0x00, 0x00,
  0x07, 0x00, 0x00, 0x00, 0x41, 0x73, 0x73, 0x65, 0x72, 0x74, 0x20, 0x66, 0x61, 0x69, 0x6C, 0x65,
  0x64, 0x20, 0x69, 0x6E, 0x20, 0x25, 0x73, 0x2C, 0x20, 0x25, 0x73, 0x3A, 0x25, 0x64, 0x20, 0x28,
  0x25, 0x73, 0x29, 0x0D, 0x0A, 0x00, 0x61, 0x62, 0x6F, 0x72, 0x74, 0x28, 0x29, 0x20, 0x77, 0x61,
  0x73, 0x20, 0x63, 0x61, 0x6C, 0x6C, 0x65, 0x64, 0x20, 0x61, 0x74, 0x20, 0x50, 0x43, 0x20, 0x30,
  0x78, 0x25, 0x30, 0x38, 0x78, 0x0D, 0x0A, 0x00, 0x62, 0x6F, 0x6F, 0x74, 0x00, 0x45, 0x20, 0x28,
  0x25, 0x6C, 0x75, 0x29, 0x20, 0x25, 0x73, 0x3A, 0x20, 0x6C, 0x6F, 0x61, 0x64, 0x20, 0x70, 0x61,
  0x72, 0x74, 0x69, 0x74, 0x69, 0x6F, 0x6E, 0x20, 0x74, 0x61, 0x62, 0x6C, 0x65, 0x20, 0x65, 0x72,
  0x72, 0x6F, 0x72, 0x21, 0x0A, 0x00, 0x20, 0x69, 0x73, 0x20, 0x6E, 0x6F, 0x74, 0x20, 0x62, 0x6F,
  0x6F, 0x74, 0x61, 0x62, 0x6C, 0x65, 0x00, 0x45, 0x20, 0x28, 0x25, 0x6C, 0x75, 0x29, 0x20, 0x25,
  0x73, 0x3A, 0x20, 0x46, 0x61, 0x63, 0x74, 0x6F, 0x72, 0x79, 0x20, 0x61, 0x70, 0x70, 0x20, 0x70,
  0x61, 0x72, 0x74, 0x69, 0x74, 0x69, 0x6F, 0x6E, 0x25, 0x73, 0x0A, 0x00, 0x45, 0x20, 0x28, 0x25,
  0x6C, 0x75, 0x29, 0x20, 0x25, 0x73, 0x3A, 0x20, 0x46, 0x61, 0x63, 0x74, 0x6F, 0x72, 0x79, 0x20,
  0x74, 0x65, 0x73, 0x74, 0x20, 0x61, 0x70, 0x70, 0x20, 0x70, 0x61, 0x72, 0x74, 0x69, 0x74, 0x69,
  0x6F, 0x6E, 0x25, 0x73, 0x0A, 0x00, 0x45, 0x20, 0x28, 0x25, 0x6C, 0x75, 0x29, 0x20, 0x25, 0x73,
  0x3A, 0x20, 0x4F, 0x54, 0x41, 0x20, 0x61, 0x70, 0x70, 0x20, 0x70, 0x61, 0x72, 0x74, 0x69, 0x74,
  0x69, 0x6F, 0x6E, 0x20, 0x73, 0x6C, 0x6F, 0x74, 0x20, 0x25, 0x64, 0x25, 0x73, 0x0A, 0x00, 0x44,
  0x52, 0x4F, 0x4D, 0x00, 0x45, 0x20, 0x28, 0x25, 0x6C, 0x75, 0x29, 0x20, 0x25, 0x73, 0x3A, 0x20,
  0x49, 0x6D, 0x61, 0x67, 0x65, 0x20, 0x63, 0x6F, 0x6E, 0x74, 0x61, 0x69, 0x6E, 0x73, 0x20, 0x6D,
  0x75, 0x6C, 0x74, 0x69, 0x70, 0x6C, 0x65, 0x20, 0x25, 0x73, 0x20, 0x73, 0x65, 0x67, 0x6D, 0x65,
  0x6E, 0x74, 0x73, 0x2E, 0x20, 0x4F, 0x6E, 0x6C, 0x79, 0x20, 0x74, 0x68, 0x65, 0x20, 0x6C, 0x61,
  0x73, 0x74, 0x20, 0x6F, 0x6E, 0x65, 0x20, 0x77, 0x69, 0x6C, 0x6C, 0x20, 0x62, 0x65, 0x20, 0x6D,
  0x61, 0x70, 0x70, 0x65, 0x64, 0x2E, 0x0A, 0x00, 0x49, 0x52, 0x4F, 0x4D, 0x00, 0x45, 0x20, 0x28,
  0x25, 0x6C, 0x75, 0x29, 0x20, 0x25, 0x73, 0x3A, 0x20, 0x45, 0x72, 0x72, 0x6F, 0x72, 0x20, 0x69,
  0x6E, 0x20, 0x77, 0x72, 0x69, 0x74, 0x65, 0x5F, 0x6F, 0x74, 0x61, 0x64, 0x61, 0x74, 0x61, 0x20,
  0x6F, 0x70, 0x65, 0x72, 0x61, 0x74, 0x69, 0x6F, 0x6E, 0x2E, 0x20, 0x65, 0x72, 0x72, 0x20, 0x3D,
  0x20, 0x30, 0x78, 0x25, 0x78, 0x0A, 0x00, 0x45, 0x20, 0x28, 0x25, 0x6C, 0x75, 0x29, 0x20, 0x25,
  0x73, 0x3A, 0x20, 0x6F, 0x74, 0x61, 0x5F, 0x69, 0x6E, 0x66, 0x6F, 0x20, 0x70, 0x61, 0x72, 0x74,
  0x69, 0x74, 0x69, 0x6F, 0x6E, 0x20, 0x73, 0x69, 0x7A, 0x65, 0x20, 0x25, 0x6C, 0x75, 0x20, 0x69,
  0x73, 0x20, 0x74, 0x6F, 0x6F, 0x20, 0x73, 0x6D, 0x61, 0x6C, 0x6C, 0x20, 0x28, 0x6D, 0x69, 0x6E,
  0x69, 0x6D, 0x75, 0x6D, 0x20, 0x25, 0x64, 0x20, 0x62, 0x79, 0x74, 0x65, 0x73, 0x29, 0x0A, 0x00,
  0x45, 0x20, 0x28, 0x25, 0x6C, 0x75, 0x29, 0x20, 0x25, 0x73, 0x3A, 0x20, 0x62, 0x6F, 0x6F, 0x74,
  0x6C, 0x6F, 0x61, 0x64, 0x65, 0x72, 0x5F, 0x6D, 0x6D, 0x61, 0x70, 0x28, 0x30, 0x78, 0x25, 0x6C,
  0x78, 0x2C, 0x20, 0x30, 0x78, 0x25, 0x6C, 0x78, 0x29, 0x20, 0x66, 0x61, 0x69, 0x6C, 0x65, 0x64,
  0x0A, 0x00, 0x45, 0x20, 0x28, 0x25, 0x6C, 0x75, 0x29, 0x20, 0x25, 0x73, 0x3A, 0x20, 0x62, 0x6F,
  0x6F, 0x74, 0x6C, 0x6F, 0x61, 0x64, 0x65, 0x72, 0x5F, 0x6D, 0x6D, 0x61, 0x70, 0x28, 0x30, 0x78,
  0x25, 0x78, 0x2C, 0x20, 0x30, 0x78, 0x25, 0x78, 0x29, 0x20, 0x66, 0x61, 0x69, 0x6C, 0x65, 0x64,
  0x0A, 0x00, 0x45, 0x20, 0x28, 0x25, 0x6C, 0x75, 0x29, 0x20, 0x25, 0x73, 0x3A, 0x20, 0x46, 0x61,
  0x69, 0x6C, 0x65, 0x64, 0x20, 0x74, 0x6F, 0x20, 0x76, 0x65, 0x72, 0x69, 0x66, 0x79, 0x20, 0x70,
  0x61, 0x72, 0x74, 0x69, 0x74, 0x69, 0x6F, 0x6E, 0x20, 0x74, 0x61, 0x62, 0x6C, 0x65, 0x0A, 0x00,
  0x45, 0x20, 0x28, 0x25, 0x6C, 0x75, 0x29, 0x20, 0x25, 0x73, 0x3A, 0x20, 0x6F, 0x74, 0x61, 0x20,
  0x64, 0x61, 0x74, 0x61, 0x20, 0x70, 0x61, 0x72, 0x74, 0x69, 0x74, 0x69, 0x6F, 0x6E, 0x20, 0x69,
  0x6E, 0x76, 0x61, 0x6C, 0x69, 0x64, 0x2C, 0x20, 0x66, 0x61, 0x6C, 0x6C, 0x69, 0x6E, 0x67, 0x20,
  0x62, 0x61, 0x63, 0x6B, 0x20, 0x74, 0x6F, 0x20, 0x66, 0x61, 0x63, 0x74, 0x6F, 0x72, 0x79, 0x0A,
  0x00, 0x45, 0x20, 0x28, 0x25, 0x6C, 0x75, 0x29, 0x20, 0x25, 0x73, 0x3A, 0x20, 0x6F, 0x74, 0x61,
  0x20, 0x64, 0x61, 0x74, 0x61, 0x20, 0x70, 0x61, 0x72, 0x74, 0x69, 0x74, 0x69, 0x6F, 0x6E, 0x20,
  0x69, 0x6E, 0x76, 0x61, 0x6C, 0x69, 0x64, 0x20, 0x61, 0x6E, 0x64, 0x20, 0x6E, 0x6F, 0x20, 0x66,
  0x61, 0x63, 0x74, 0x6F, 0x72, 0x79, 0x2C, 0x20, 0x77, 0x69, 0x6C, 0x6C, 0x20, 0x74, 0x72, 0x79,
  0x20, 0x61, 0x6C, 0x6C, 0x20, 0x70, 0x61, 0x72, 0x74, 0x69, 0x74, 0x69, 0x6F, 0x6E, 0x73, 0x0A,
  0x00, 0x45, 0x20, 0x28, 0x25, 0x6C, 0x75, 0x29, 0x20, 0x25, 0x73, 0x3A, 0x20, 0x46, 0x61, 0x73,
  0x74, 0x20, 0x62, 0x6F, 0x6F, 0x74, 0x69, 0x6E, 0x67, 0x20, 0x69, 0x73, 0x20, 0x6E, 0x6F, 0x74,
  0x20, 0x73, 0x75, 0x63, 0x63, 0x65, 0x73, 0x73, 0x66, 0x75, 0x6C, 0x0A, 0x00, 0x45, 0x20, 0x28,
  0x25, 0x6C, 0x75, 0x29, 0x20, 0x25, 0x73, 0x3A, 0x20, 0x4E, 0x6F, 0x20, 0x62, 0x6F, 0x6F, 0x74,
  0x61, 0x62, 0x6C, 0x65, 0x20, 0x74, 0x65, 0x73, 0x74, 0x20, 0x70, 0x61, 0x72, 0x74, 0x69, 0x74,
  0x69, 0x6F, 0x6E, 0x20, 0x69, 0x6E, 0x20, 0x74, 0x68, 0x65, 0x20, 0x70, 0x61, 0x72, 0x74, 0x69,
  0x74, 0x69, 0x6F, 0x6E, 0x20, 0x74, 0x61, 0x62, 0x6C, 0x65, 0x0A, 0x00, 0x45, 0x20, 0x28, 0x25,
  0x6C, 0x75, 0x29, 0x20, 0x25, 0x73, 0x3A, 0x20, 0x4E, 0x6F, 0x20, 0x62, 0x6F, 0x6F, 0x74, 0x61,
  0x62, 0x6C, 0x65, 0x20, 0x61, 0x70, 0x70, 0x20, 0x70, 0x61, 0x72, 0x74, 0x69, 0x74, 0x69, 0x6F,
  0x6E, 0x73, 0x20, 0x69, 0x6E, 0x20, 0x74, 0x68, 0x65, 0x20, 0x70, 0x61, 0x72, 0x74, 0x69, 0x74,
  0x69, 0x6F, 0x6E, 0x20, 0x74, 0x61, 0x62, 0x6C, 0x65, 0x0A, 0x00, 0x66, 0x6C, 0x61, 0x73, 0x68,
  0x5F, 0x70, 0x61, 0x72, 0x74, 0x73, 0x00, 0x45, 0x20, 0x28, 0x25, 0x6C, 0x75, 0x29, 0x20, 0x25,
  0x73, 0x3A, 0x20, 0x70, 0x61, 0x72, 0x74, 0x69, 0x74, 0x69, 0x6F, 0x6E, 0x20, 0x25, 0x64, 0x20,
  0x69, 0x6E, 0x76, 0x61, 0x6C, 0x69, 0x64, 0x20, 0x2D, 0x20, 0x6F, 0x66, 0x66, 0x73, 0x65, 0x74,
  0x20, 0x30, 0x78, 0x25, 0x6C, 0x78, 0x20, 0x73, 0x69, 0x7A, 0x65, 0x20, 0x30, 0x78, 0x25, 0x6C,
  0x78, 0x20, 0x65, 0x78, 0x63, 0x65, 0x65, 0x64, 0x73, 0x20, 0x66, 0x6C, 0x61, 0x73, 0x68, 0x20,
  0x63, 0x68, 0x69, 0x70, 0x20, 0x73, 0x69, 0x7A, 0x65, 0x20, 0x30, 0x78, 0x25, 0x6C, 0x78, 0x0A,
  0x00, 0x45, 0x20, 0x28, 0x25, 0x6C, 0x75, 0x29, 0x20, 0x25, 0x73, 0x3A, 0x20, 0x4F, 0x6E, 0x6C,
  0x79, 0x20, 0x6F, 0x6E, 0x65, 0x20, 0x4D, 0x44, 0x35, 0x20, 0x63, 0x68, 0x65, 0x63, 0x6B, 0x73,
  0x75, 0x6D, 0x20, 0x69, 0x73, 0x20, 0x61, 0x6C, 0x6C, 0x6F, 0x77, 0x65, 0x64, 0x0A, 0x00, 0x45,
  0x20, 0x28, 0x25, 0x6C, 0x75, 0x29, 0x20, 0x25, 0x73, 0x3A, 0x20, 0x49, 0x6E, 0x63, 0x6F, 0x72,
  0x72, 0x65, 0x63, 0x74, 0x20, 0x4D, 0x44, 0x35, 0x20, 0x63, 0x68, 0x65, 0x63, 0x6B, 0x73, 0x75,
  0x6D, 0x0A, 0x00, 0x45, 0x20, 0x28, 0x25, 0x6C, 0x75, 0x29, 0x20, 0x25, 0x73, 0x3A, 0x20, 0x70,
  0x61, 0x72, 0x74, 0x69, 0x74, 0x69, 0x6F, 0x6E, 0x20, 0x25, 0x64, 0x20, 0x69, 0x6E, 0x76, 0x61,
  0x6C, 0x69, 0x64, 0x20, 0x6D, 0x61, 0x67, 0x69, 0x63, 0x20, 0x6E, 0x75, 0x6D, 0x62, 0x65, 0x72,
  0x20, 0x30, 0x78, 0x25, 0x78, 0x0A, 0x00, 0x45, 0x20, 0x28, 0x25, 0x6C, 0x75, 0x29, 0x20, 0x25,
  0x73, 0x3A, 0x20, 0x70, 0x61, 0x72, 0x74, 0x69, 0x74, 0x69, 0x6F, 0x6E, 0x20, 0x74, 0x61, 0x62,
  0x6C, 0x65, 0x20, 0x68, 0x61, 0x73, 0x20, 0x6E, 0x6F, 0x20, 0x74, 0x65, 0x72, 0x6D, 0x69, 0x6E,
  0x61, 0x74, 0x69, 0x6E, 0x67, 0x20, 0x65, 0x6E, 0x74, 0x72, 0x79, 0x2C, 0x20, 0x6E, 0x6F, 0x74,
  0x20, 0x76, 0x61, 0x6C, 0x69, 0x64, 0x0A, 0x00, 0x65, 0x73, 0x70, 0x5F, 0x69, 0x6D, 0x61, 0x67,
  0x65, 0x00, 0x45, 0x20, 0x28, 0x25, 0x6C, 0x75, 0x29, 0x20, 0x25, 0x73, 0x3A, 0x20, 0x43, 0x68,
  0x65, 0x63, 0x6B, 0x73, 0x75, 0x6D, 0x20, 0x66, 0x61, 0x69, 0x6C, 0x65, 0x64, 0x2E, 0x20, 0x43,
  0x61, 0x6C, 0x63, 0x75, 0x6C, 0x61, 0x74, 0x65, 0x64, 0x20, 0x30, 0x78, 0x25, 0x78, 0x20, 0x72,
  0x65, 0x61, 0x64, 0x20, 0x30, 0x78, 0x25, 0x78, 0x0A, 0x00, 0x45, 0x20, 0x28, 0x25, 0x6C, 0x75,
  0x29, 0x20, 0x25, 0x73, 0x3A, 0x20, 0x69, 0x6D, 0x61, 0x67, 0x65, 0x20, 0x61, 0x74, 0x20, 0x30,
  0x78, 0x25, 0x6C, 0x78, 0x20, 0x68, 0x61, 0x73, 0x20, 0x69, 0x6E, 0x76, 0x61, 0x6C, 0x69, 0x64,
  0x20, 0x6D, 0x61, 0x67, 0x69, 0x63, 0x20, 0x62, 0x79, 0x74, 0x65, 0x20, 0x28, 0x6E, 0x6F, 0x74,
  0x68, 0x69, 0x6E, 0x67, 0x20, 0x66, 0x6C, 0x61, 0x73, 0x68, 0x65, 0x64, 0x20, 0x68, 0x65, 0x72,
  0x65, 0x3F, 0x29, 0x0A, 0x00, 0x45, 0x20, 0x28, 0x25, 0x6C, 0x75, 0x29, 0x20, 0x25, 0x73, 0x3A,
  0x20, 0x69, 0x6D, 0x61, 0x67, 0x65, 0x20, 0x61, 0x74, 0x20, 0x30, 0x78, 0x25, 0x6C, 0x78, 0x20,
  0x73, 0x65, 0x67, 0x6D, 0x65, 0x6E, 0x74, 0x20, 0x63, 0x6F, 0x75, 0x6E, 0x74, 0x20, 0x25, 0x64,
  0x20, 0x65, 0x78, 0x63, 0x65, 0x65, 0x64, 0x73, 0x20, 0x6D, 0x61, 0x78, 0x20, 0x25, 0x64, 0x0A,
  0x00, 0x65, 0x6E, 0x64, 0x31, 0x20, 0x3E, 0x20, 0x73, 0x74, 0x61, 0x72, 0x74, 0x31, 0x00, 0x2F,
  0x2F, 0x49, 0x44, 0x46, 0x2F, 0x63, 0x6F, 0x6D, 0x70, 0x6F, 0x6E, 0x65, 0x6E, 0x74, 0x73, 0x2F,
  0x62, 0x6F, 0x6F, 0x74, 0x6C, 0x6F, 0x61, 0x64, 0x65, 0x72, 0x5F, 0x73, 0x75, 0x70, 0x70, 0x6F,
  0x72, 0x74, 0x2F, 0x69, 0x6E, 0x63, 0x6C, 0x75, 0x64, 0x65, 0x2F, 0x62, 0x6F, 0x6F, 0x74, 0x6C,
  0x6F, 0x61, 0x64, 0x65, 0x72, 0x5F, 0x75, 0x74, 0x69, 0x6C, 0x2E, 0x68, 0x00, 0x65, 0x6E, 0x64,
  0x32, 0x20, 0x3E, 0x20, 0x73, 0x74, 0x61, 0x72, 0x74, 0x32, 0x00, 0x6F, 0x76, 0x65, 0x72, 0x6C,
  0x61, 0x70, 0x73, 0x20, 0x62, 0x6F, 0x6F, 0x74, 0x6C, 0x6F, 0x61, 0x64, 0x65, 0x72, 0x20, 0x73,
  0x74, 0x61, 0x63, 0x6B, 0x00, 0x6F, 0x76, 0x65, 0x72, 0x6C, 0x61, 0x70, 0x73, 0x20, 0x62, 0x6F,
  0x6F, 0x74, 0x6C, 0x6F, 0x61, 0x64, 0x65, 0x72, 0x20, 0x64, 0x61, 0x74, 0x61, 0x00, 0x6F, 0x76,
  0x65, 0x72, 0x6C, 0x61, 0x70, 0x73, 0x20, 0x6C, 0x6F, 0x61, 0x64, 0x65, 0x72, 0x20, 0x49, 0x52,
  0x41, 0x4D, 0x00, 0x62, 0x61, 0x64, 0x20, 0x6C, 0x6F, 0x61, 0x64, 0x20, 0x61, 0x64, 0x64, 0x72,
  0x65, 0x73, 0x73, 0x20, 0x72, 0x61, 0x6E, 0x67, 0x65, 0x00, 0x6C, 0x6F, 0x61, 0x64, 0x5F, 0x65,
  0x6E, 0x64, 0x20, 0x3E, 0x20, 0x6C, 0x6F, 0x61, 0x64, 0x5F, 0x61, 0x64, 0x64, 0x72, 0x00, 0x2F,
  0x2F, 0x49, 0x44, 0x46, 0x2F, 0x63, 0x6F, 0x6D, 0x70, 0x6F, 0x6E, 0x65, 0x6E, 0x74, 0x73, 0x2F,
  0x62, 0x6F, 0x6F, 0x74, 0x6C, 0x6F, 0x61, 0x64, 0x65, 0x72, 0x5F, 0x73, 0x75, 0x70, 0x70, 0x6F,
  0x72, 0x74, 0x2F, 0x73, 0x72, 0x63, 0x2F, 0x65, 0x73, 0x70, 0x5F, 0x69, 0x6D, 0x61, 0x67, 0x65,
  0x5F, 0x66, 0x6F, 0x72, 0x6D, 0x61, 0x74, 0x2E, 0x63, 0x00, 0x45, 0x20, 0x28, 0x25, 0x6C, 0x75,
  0x29, 0x20, 0x25, 0x73, 0x3A, 0x20, 0x53, 0x65, 0x67, 0x6D, 0x65, 0x6E, 0x74, 0x20, 0x25, 0x64,
  0x20, 0x30, 0x78, 0x25, 0x30, 0x38, 0x78, 0x2D, 0x30, 0x78, 0x25, 0x30, 0x38, 0x78, 0x20, 0x69,
  0x6E, 0x76, 0x61, 0x6C, 0x69, 0x64, 0x3A, 0x20, 0x25, 0x73, 0x0A, 0x00, 0x45, 0x20, 0x28, 0x25,
  0x6C, 0x75, 0x29, 0x20, 0x25, 0x73, 0x3A, 0x20, 0x49, 0x6D, 0x61, 0x67, 0x65, 0x20, 0x6C, 0x65,
  0x6E, 0x67, 0x74, 0x68, 0x20, 0x25, 0x6C, 0x75, 0x20, 0x64, 0x6F, 0x65, 0x73, 0x6E, 0x27, 0x74,
  0x20, 0x66, 0x69, 0x74, 0x20, 0x69, 0x6E, 0x20, 0x70, 0x61, 0x72, 0x74, 0x69, 0x74, 0x69, 0x6F,
  0x6E, 0x20, 0x6C, 0x65, 0x6E, 0x67, 0x74, 0x68, 0x20, 0x25, 0x6C, 0x75, 0x0A, 0x00, 0x45, 0x20,
  0x28, 0x25, 0x6C, 0x75, 0x29, 0x20, 0x25, 0x73, 0x3A, 0x20, 0x62, 0x6F, 0x6F, 0x74, 0x6C, 0x6F,
  0x61, 0x64, 0x65, 0x72, 0x5F, 0x66, 0x6C, 0x61, 0x73, 0x68, 0x5F, 0x72, 0x65, 0x61, 0x64, 0x20,
  0x66, 0x61, 0x69, 0x6C, 0x65, 0x64, 0x20, 0x61, 0x74, 0x20, 0x30, 0x78, 0x25, 0x30, 0x38, 0x6C,
  0x78, 0x0A, 0x00, 0x45, 0x20, 0x28, 0x25, 0x6C, 0x75, 0x29, 0x20, 0x25, 0x73, 0x3A, 0x20, 0x69,
  0x6E, 0x76, 0x61, 0x6C, 0x69, 0x64, 0x20, 0x73, 0x65, 0x67, 0x6D, 0x65, 0x6E, 0x74, 0x20, 0x6C,
  0x65, 0x6E, 0x67, 0x74, 0x68, 0x20, 0x30, 0x78, 0x25, 0x6C, 0x78, 0x0A, 0x00, 0x45, 0x20, 0x28,
  0x25, 0x6C, 0x75, 0x29, 0x20, 0x25, 0x73, 0x3A, 0x20, 0x53, 0x65, 0x67, 0x6D, 0x65, 0x6E, 0x74,
  0x20, 0x25, 0x64, 0x20, 0x6C, 0x6F, 0x61, 0x64, 0x20, 0x61, 0x64, 0x64, 0x72, 0x65, 0x73, 0x73,
  0x20, 0x30, 0x78, 0x25, 0x30, 0x38, 0x6C, 0x78, 0x2C, 0x20, 0x64, 0x6F, 0x65, 0x73, 0x6E, 0x27,
  0x74, 0x20, 0x6D, 0x61, 0x74, 0x63, 0x68, 0x20, 0x64, 0x61, 0x74, 0x61, 0x20, 0x30, 0x78, 0x25,
  0x30, 0x38, 0x6C, 0x78, 0x0A, 0x00, 0x45, 0x20, 0x28, 0x25, 0x6C, 0x75, 0x29, 0x20, 0x25, 0x73,
  0x3A, 0x20, 0x4E, 0x6F, 0x20, 0x66, 0x72, 0x65, 0x65, 0x20, 0x4D, 0x4D, 0x55, 0x20, 0x70, 0x61,
  0x67, 0x65, 0x73, 0x20, 0x61, 0x72, 0x65, 0x20, 0x61, 0x76, 0x61, 0x69, 0x6C, 0x61, 0x62, 0x6C,
  0x65, 0x0A, 0x00, 0x45, 0x20, 0x28, 0x25, 0x6C, 0x75, 0x29, 0x20, 0x25, 0x73, 0x3A, 0x20, 0x69,
  0x6D, 0x61, 0x67, 0x65, 0x20, 0x6F, 0x66, 0x66, 0x73, 0x65, 0x74, 0x20, 0x68, 0x61, 0x73, 0x20,
  0x77, 0x72, 0x61, 0x70, 0x70, 0x65, 0x64, 0x0A, 0x00, 0x43, 0x61, 0x6C, 0x63, 0x75, 0x6C, 0x61,
  0x74, 0x65, 0x64, 0x20, 0x68, 0x61, 0x73, 0x68, 0x00, 0x45, 0x20, 0x28, 0x25, 0x6C, 0x75, 0x29,
  0x20, 0x25, 0x73, 0x3A, 0x20, 0x49, 0x6D, 0x61, 0x67, 0x65, 0x20, 0x68, 0x61, 0x73, 0x68, 0x20,
  0x66, 0x61, 0x69, 0x6C, 0x65, 0x64, 0x20, 0x2D, 0x20, 0x69, 0x6D, 0x61, 0x67, 0x65, 0x20, 0x69,
  0x73, 0x20, 0x63, 0x6F, 0x72, 0x72, 0x75, 0x70, 0x74, 0x0A, 0x00, 0x45, 0x78, 0x70, 0x65, 0x63,
  0x74, 0x65, 0x64, 0x20, 0x68, 0x61, 0x73, 0x68, 0x00, 0x68, 0x61, 0x6E, 0x64, 0x6C, 0x65, 0x20,
  0x21, 0x3D, 0x20, 0x4E, 0x55, 0x4C, 0x4C, 0x00, 0x2F, 0x2F, 0x49, 0x44, 0x46, 0x2F, 0x63, 0x6F,
  0x6D, 0x70, 0x6F, 0x6E, 0x65, 0x6E, 0x74, 0x73, 0x2F, 0x62, 0x6F, 0x6F, 0x74, 0x6C, 0x6F, 0x61,
  0x64, 0x65, 0x72, 0x5F, 0x73, 0x75, 0x70, 0x70, 0x6F, 0x72, 0x74, 0x2F, 0x73, 0x72, 0x63, 0x2F,
  0x62, 0x6F, 0x6F, 0x74, 0x6C, 0x6F, 0x61, 0x64, 0x65, 0x72, 0x5F, 0x73, 0x68, 0x61, 0x2E, 0x63,
  0x00, 0x26, 0x5F, 0x62, 0x73, 0x73, 0x5F, 0x73, 0x74, 0x61, 0x72, 0x74, 0x20, 0x3C, 0x3D, 0x20,
  0x26, 0x5F, 0x62, 0x73, 0x73, 0x5F, 0x65, 0x6E, 0x64, 0x00, 0x2F, 0x2F, 0x49, 0x44, 0x46, 0x2F,
  0x63, 0x6F, 0x6D, 0x70, 0x6F, 0x6E, 0x65, 0x6E, 0x74, 0x73, 0x2F, 0x62, 0x6F, 0x6F, 0x74, 0x6C,
  0x6F, 0x61, 0x64, 0x65, 0x72, 0x5F, 0x73, 0x75, 0x70, 0x70, 0x6F, 0x72, 0x74, 0x2F, 0x73, 0x72,
  0x63, 0x2F, 0x65, 0x73, 0x70, 0x33, 0x32, 0x73, 0x33, 0x2F, 0x62, 0x6F, 0x6F, 0x74, 0x6C, 0x6F,
  0x61, 0x64, 0x65, 0x72, 0x5F, 0x65, 0x73, 0x70, 0x33, 0x32, 0x73, 0x33, 0x2E, 0x63, 0x00, 0x26,
  0x5F, 0x64, 0x61, 0x74, 0x61, 0x5F, 0x73, 0x74, 0x61, 0x72, 0x74, 0x20, 0x3C, 0x3D, 0x20, 0x26,
  0x5F, 0x64, 0x61, 0x74, 0x61, 0x5F, 0x65, 0x6E, 0x64, 0x00, 0x62, 0x6F, 0x6F, 0x74, 0x2E, 0x65,
  0x73, 0x70, 0x33, 0x32, 0x73, 0x33, 0x00, 0x45, 0x20, 0x28, 0x25, 0x6C, 0x75, 0x29, 0x20, 0x25,
  0x73, 0x3A, 0x20, 0x66, 0x61, 0x69, 0x6C, 0x65, 0x64, 0x20, 0x77, 0x68, 0x65, 0x6E, 0x20, 0x72,
  0x75, 0x6E, 0x6E, 0x69, 0x6E, 0x67, 0x20, 0x58, 0x4D, 0x43, 0x20, 0x73, 0x74, 0x61, 0x72, 0x74,
  0x75, 0x70, 0x20, 0x66, 0x6C, 0x6F, 0x77, 0x2C, 0x20, 0x72, 0x65, 0x62, 0x6F, 0x6F, 0x74, 0x21,
  0x0A, 0x00, 0x62, 0x6F, 0x6F, 0x74, 0x5F, 0x63, 0x6F, 0x6D, 0x6D, 0x00, 0x45, 0x20, 0x28, 0x25,
  0x6C, 0x75, 0x29, 0x20, 0x25, 0x73, 0x3A, 0x20, 0x63, 0x68, 0x69, 0x70, 0x20, 0x72, 0x65, 0x76,
  0x69, 0x73, 0x69, 0x6F, 0x6E, 0x20, 0x63, 0x68, 0x65, 0x63, 0x6B, 0x20, 0x66, 0x61, 0x69, 0x6C,
  0x65, 0x64, 0x2E, 0x20, 0x52, 0x65, 0x71, 0x75, 0x69, 0x72, 0x65, 0x64, 0x20, 0x3E, 0x3D, 0x20,
  0x76, 0x25, 0x64, 0x2E, 0x25, 0x64, 0x2C, 0x20, 0x66, 0x6F, 0x75, 0x6E, 0x64, 0x20, 0x76, 0x25,
  0x64, 0x2E, 0x25, 0x64, 0x2E, 0x0A, 0x00, 0x45, 0x20, 0x28, 0x25, 0x6C, 0x75, 0x29, 0x20, 0x25,
  0x73, 0x3A, 0x20, 0x63, 0x68, 0x69, 0x70, 0x20, 0x72, 0x65, 0x76, 0x69, 0x73, 0x69, 0x6F, 0x6E,
  0x20, 0x63, 0x68, 0x65, 0x63, 0x6B, 0x20, 0x66, 0x61, 0x69, 0x6C, 0x65, 0x64, 0x2E, 0x20, 0x52,
  0x65, 0x71, 0x75, 0x69, 0x72, 0x65, 0x64, 0x20, 0x3C, 0x3D, 0x20, 0x76, 0x25, 0x64, 0x2E, 0x25,
  0x64, 0x2C, 0x20, 0x66, 0x6F, 0x75, 0x6E, 0x64, 0x20, 0x76, 0x25, 0x64, 0x2E, 0x25, 0x64, 0x2E,
  0x0A, 0x00, 0x45, 0x20, 0x28, 0x25, 0x6C, 0x75, 0x29, 0x20, 0x25, 0x73, 0x3A, 0x20, 0x49, 0x6D,
  0x61, 0x67, 0x65, 0x20, 0x72, 0x65, 0x71, 0x75, 0x69, 0x72, 0x65, 0x73, 0x20, 0x65, 0x66, 0x75,
  0x73, 0x65, 0x20, 0x62, 0x6C, 0x6B, 0x20, 0x72, 0x65, 0x76, 0x20, 0x3E, 0x3D, 0x20, 0x76, 0x25,
  0x6C, 0x75, 0x2E, 0x25, 0x6C, 0x75, 0x2C, 0x20, 0x62, 0x75, 0x74, 0x20, 0x63, 0x68, 0x69, 0x70,
  0x20, 0x69, 0x73, 0x20, 0x76, 0x25, 0x6C, 0x75, 0x2E, 0x25, 0x6C, 0x75, 0x0A, 0x00, 0x45, 0x20,
  0x28, 0x25, 0x6C, 0x75, 0x29, 0x20, 0x25, 0x73, 0x3A, 0x20, 0x49, 0x6D, 0x61, 0x67, 0x65, 0x20,
  0x72, 0x65, 0x71, 0x75, 0x69, 0x72, 0x65, 0x73, 0x20, 0x65, 0x66, 0x75, 0x73, 0x65, 0x20, 0x62,
  0x6C, 0x6B, 0x20, 0x72, 0x65, 0x76, 0x20, 0x3C, 0x3D, 0x20, 0x76, 0x25, 0x6C, 0x75, 0x2E, 0x25,
  0x6C, 0x75, 0x2C, 0x20, 0x62, 0x75, 0x74, 0x20, 0x63, 0x68, 0x69, 0x70, 0x20, 0x69, 0x73, 0x20,
  0x76, 0x25, 0x6C, 0x75, 0x2E, 0x25, 0x6C, 0x75, 0x0A, 0x00, 0x45, 0x20, 0x28, 0x25, 0x6C, 0x75,
  0x29, 0x20, 0x25, 0x73, 0x3A, 0x20, 0x6D, 0x69, 0x73, 0x6D, 0x61, 0x74, 0x63, 0x68, 0x20, 0x63,
  0x68, 0x69, 0x70, 0x20, 0x49, 0x44, 0x2C, 0x20, 0x65, 0x78, 0x70, 0x65, 0x63, 0x74, 0x65, 0x64,
  0x20, 0x25, 0x64, 0x2C, 0x20, 0x66, 0x6F, 0x75, 0x6E, 0x64, 0x20, 0x25, 0x64, 0x0A, 0x00, 0x62,
  0x75, 0x66, 0x66, 0x65, 0x72, 0x20, 0x21, 0x3D, 0x20, 0x4E, 0x55, 0x4C, 0x4C, 0x00, 0x2F, 0x2F,
  0x49, 0x44, 0x46, 0x2F, 0x63, 0x6F, 0x6D, 0x70, 0x6F, 0x6E, 0x65, 0x6E, 0x74, 0x73, 0x2F, 0x62,
  0x6F, 0x6F, 0x74, 0x6C, 0x6F, 0x61, 0x64, 0x65, 0x72, 0x5F, 0x73, 0x75, 0x70, 0x70, 0x6F, 0x72,
  0x74, 0x2F, 0x73, 0x72, 0x63, 0x2F, 0x62, 0x6F, 0x6F, 0x74, 0x6C, 0x6F, 0x61, 0x64, 0x65, 0x72,
  0x5F, 0x72, 0x61, 0x6E, 0x64, 0x6F, 0x6D, 0x2E, 0x63, 0x00, 0x62, 0x6F, 0x6F, 0x74, 0x6C, 0x6F,
  0x61, 0x64, 0x65, 0x72, 0x5F, 0x66, 0x6C, 0x61, 0x73, 0x68, 0x00, 0x45, 0x20, 0x28, 0x25, 0x6C,
  0x75, 0x29, 0x20, 0x25, 0x73, 0x3A, 0x20, 0x74, 0x72, 0x69, 0x65, 0x64, 0x20, 0x74, 0x6F, 0x20,
  0x62, 0x6F, 0x6F, 0x74, 0x6C, 0x6F, 0x61, 0x64, 0x65, 0x72, 0x5F, 0x6D, 0x6D, 0x61, 0x70, 0x20,
  0x74, 0x77, 0x69, 0x63, 0x65, 0x0A, 0x00, 0x45, 0x20, 0x28, 0x25, 0x6C, 0x75, 0x29, 0x20, 0x25,
  0x73, 0x3A, 0x20, 0x62, 0x6F, 0x6F, 0x74, 0x6C, 0x6F, 0x61, 0x64, 0x65, 0x72, 0x5F, 0x6D, 0x6D,
  0x61, 0x70, 0x20, 0x65, 0x78, 0x63, 0x65, 0x73, 0x73, 0x20, 0x73, 0x69, 0x7A, 0x65, 0x20, 0x25,
  0x6C, 0x78, 0x0A, 0x00, 0x45, 0x20, 0x28, 0x25, 0x6C, 0x75, 0x29, 0x20, 0x25, 0x73, 0x3A, 0x20,
  0x76, 0x61, 0x64, 0x64, 0x72, 0x20, 0x6E, 0x6F, 0x74, 0x20, 0x76, 0x61, 0x6C, 0x69, 0x64, 0x0A,
  0x00, 0x45, 0x20, 0x28, 0x25, 0x6C, 0x75, 0x29, 0x20, 0x25, 0x73, 0x3A, 0x20, 0x62, 0x6F, 0x6F,
  0x74, 0x6C, 0x6F, 0x61, 0x64, 0x65, 0x72, 0x5F, 0x66, 0x6C, 0x61, 0x73, 0x68, 0x5F, 0x72, 0x65,
  0x61, 0x64, 0x20, 0x73, 0x72, 0x63, 0x5F, 0x61, 0x64, 0x64, 0x72, 0x20, 0x30, 0x78, 0x25, 0x78,
  0x2C, 0x20, 0x73, 0x69, 0x7A, 0x65, 0x20, 0x30, 0x78, 0x25, 0x78, 0x20, 0x6F, 0x72, 0x20, 0x64,
  0x65, 0x73, 0x74, 0x20, 0x30, 0x78, 0x25, 0x78, 0x20, 0x6E, 0x6F, 0x74, 0x20, 0x34, 0x2D, 0x62,
  0x79, 0x74, 0x65, 0x20, 0x61, 0x6C, 0x69, 0x67, 0x6E, 0x65, 0x64, 0x0A, 0x00, 0x6D, 0x6F, 0x73,
  0x69, 0x5F, 0x6C, 0x65, 0x6E, 0x20, 0x3C, 0x3D, 0x20, 0x33, 0x32, 0x00, 0x2F, 0x2F, 0x49, 0x44,
  0x46, 0x2F, 0x63, 0x6F, 0x6D, 0x70, 0x6F, 0x6E, 0x65, 0x6E, 0x74, 0x73, 0x2F, 0x62, 0x6F, 0x6F,
  0x74, 0x6C, 0x6F, 0x61, 0x64, 0x65, 0x72, 0x5F, 0x73, 0x75, 0x70, 0x70, 0x6F, 0x72, 0x74, 0x2F,
  0x62, 0x6F, 0x6F, 0x74, 0x6C, 0x6F, 0x61, 0x64, 0x65, 0x72, 0x5F, 0x66, 0x6C, 0x61, 0x73, 0x68,
  0x2F, 0x73, 0x72, 0x63, 0x2F, 0x62, 0x6F, 0x6F, 0x74, 0x6C, 0x6F, 0x61, 0x64, 0x65, 0x72, 0x5F,
  0x66, 0x6C, 0x61, 0x73, 0x68, 0x2E, 0x63, 0x00, 0x6D, 0x69, 0x73, 0x6F, 0x5F, 0x6C, 0x65, 0x6E,
  0x20, 0x3C, 0x3D, 0x20, 0x33, 0x32, 0x00, 0x6D, 0x69, 0x73, 0x6F, 0x5F, 0x62, 0x79, 0x74, 0x65,
  0x5F, 0x6E, 0x75, 0x6D, 0x20, 0x3C, 0x3D, 0x20, 0x34, 0x00, 0x45, 0x20, 0x28, 0x25, 0x6C, 0x75,
  0x29, 0x20, 0x25, 0x73, 0x3A, 0x20, 0x58, 0x4D, 0x43, 0x20, 0x66, 0x6C, 0x61, 0x73, 0x68, 0x20,
  0x73, 0x74, 0x61, 0x72, 0x74, 0x75, 0x70, 0x20, 0x66, 0x61, 0x69, 0x6C, 0x0A, 0x00, 0x45, 0x20,
  0x28, 0x25, 0x6C, 0x75, 0x29, 0x20, 0x25, 0x73, 0x3A, 0x20, 0x62, 0x6F, 0x6F, 0x74, 0x6C, 0x6F,
  0x61, 0x64, 0x65, 0x72, 0x5F, 0x66, 0x6C, 0x61, 0x73, 0x68, 0x5F, 0x77, 0x72, 0x69, 0x74, 0x65,
  0x20, 0x64, 0x65, 0x73, 0x74, 0x5F, 0x61, 0x64, 0x64, 0x72, 0x20, 0x30, 0x78, 0x25, 0x78, 0x20,
  0x6E, 0x6F, 0x74, 0x20, 0x25, 0x64, 0x2D, 0x62, 0x79, 0x74, 0x65, 0x20, 0x61, 0x6C, 0x69, 0x67,
  0x6E, 0x65, 0x64, 0x0A, 0x00, 0x45, 0x20, 0x28, 0x25, 0x6C, 0x75, 0x29, 0x20, 0x25, 0x73, 0x3A,
  0x20, 0x62, 0x6F, 0x6F, 0x74, 0x6C, 0x6F, 0x61, 0x64, 0x65, 0x72, 0x5F, 0x66, 0x6C, 0x61, 0x73,
  0x68, 0x5F, 0x77, 0x72, 0x69, 0x74, 0x65, 0x20, 0x73, 0x69, 0x7A, 0x65, 0x20, 0x30, 0x78, 0x25,
  0x78, 0x20, 0x6E, 0x6F, 0x74, 0x20, 0x25, 0x64, 0x2D, 0x62, 0x79, 0x74, 0x65, 0x20, 0x61, 0x6C,
  0x69, 0x67, 0x6E, 0x65, 0x64, 0x0A, 0x00, 0x45, 0x20, 0x28, 0x25, 0x6C, 0x75, 0x29, 0x20, 0x25,
  0x73, 0x3A, 0x20, 0x62, 0x6F, 0x6F, 0x74, 0x6C, 0x6F, 0x61, 0x64, 0x65, 0x72, 0x5F, 0x66, 0x6C,
  0x61, 0x73, 0x68, 0x5F, 0x77, 0x72, 0x69, 0x74, 0x65, 0x20, 0x73, 0x72, 0x63, 0x20, 0x30, 0x78,
  0x25, 0x78, 0x20, 0x6E, 0x6F, 0x74, 0x20, 0x34, 0x20, 0x62, 0x79, 0x74, 0x65, 0x20, 0x61, 0x6C,
  0x69, 0x67, 0x6E, 0x65, 0x64, 0x0A, 0x00, 0x45, 0x20, 0x28, 0x25, 0x6C, 0x75, 0x29, 0x20, 0x25,
  0x73, 0x3A, 0x20, 0x66, 0x61, 0x69, 0x6C, 0x65, 0x64, 0x20, 0x74, 0x6F, 0x20, 0x6C, 0x6F, 0x61,
  0x64, 0x20, 0x62, 0x6F, 0x6F, 0x74, 0x6C, 0x6F, 0x61, 0x64, 0x65, 0x72, 0x20, 0x69, 0x6D, 0x61,
  0x67, 0x65, 0x20, 0x68, 0x65, 0x61, 0x64, 0x65, 0x72, 0x21, 0x0A, 0x00, 0x71, 0x69, 0x6F, 0x5F,
  0x6D, 0x6F, 0x64, 0x65, 0x00, 0x45, 0x20, 0x28, 0x25, 0x6C, 0x75, 0x29, 0x20, 0x25, 0x73, 0x3A,
  0x20, 0x46, 0x61, 0x69, 0x6C, 0x65, 0x64, 0x20, 0x74, 0x6F, 0x20, 0x73, 0x65, 0x74, 0x20, 0x51,
  0x49, 0x45, 0x20, 0x62, 0x69, 0x74, 0x2C, 0x20, 0x6E, 0x6F, 0x74, 0x20, 0x65, 0x6E, 0x61, 0x62,
  0x6C, 0x69, 0x6E, 0x67, 0x20, 0x51, 0x49, 0x4F, 0x20, 0x6D, 0x6F, 0x64, 0x65, 0x0A, 0x00, 0x4D,
  0x58, 0x49, 0x43, 0x00, 0x49, 0x53, 0x53, 0x49, 0x00, 0x57, 0x69, 0x6E, 0x42, 0x6F, 0x6E, 0x64,
  0x00, 0x47, 0x44, 0x00, 0x58, 0x4D, 0x32, 0x35, 0x51, 0x55, 0x36, 0x34, 0x41, 0x00, 0x54, 0x48,
  0x00, 0x30, 0x20, 0x26, 0x26, 0x20, 0x22, 0x4C, 0x44, 0x4F, 0x20, 0x64, 0x62, 0x69, 0x61, 0x73,
  0x20, 0x6E, 0x65, 0x65, 0x64, 0x20, 0x74, 0x6F, 0x20, 0x6D, 0x6F, 0x64, 0x69, 0x66, 0x69, 0x65,
  0x64, 0x22, 0x00, 0x2F, 0x2F, 0x49, 0x44, 0x46, 0x2F, 0x63, 0x6F, 0x6D, 0x70, 0x6F, 0x6E, 0x65,
  0x6E, 0x74, 0x73, 0x2F, 0x65, 0x73, 0x70, 0x5F, 0x68, 0x77, 0x5F, 0x73, 0x75, 0x70, 0x70, 0x6F,
  0x72, 0x74, 0x2F, 0x70, 0x6F, 0x72, 0x74, 0x2F, 0x65, 0x73, 0x70, 0x33, 0x32, 0x73, 0x33, 0x2F,
  0x72, 0x74, 0x63, 0x5F, 0x63, 0x6C, 0x6B, 0x2E, 0x63, 0x00, 0x72, 0x74, 0x63, 0x5F, 0x63, 0x6C,
  0x6B, 0x5F, 0x69, 0x6E, 0x69, 0x74, 0x00, 0x45, 0x20, 0x28, 0x25, 0x6C, 0x75, 0x29, 0x20, 0x25,
  0x73, 0x3A, 0x20, 0x69, 0x6E, 0x76, 0x61, 0x6C, 0x69, 0x64, 0x20, 0x43, 0x50, 0x55, 0x20, 0x66,
  0x72, 0x65, 0x71, 0x75, 0x65, 0x6E, 0x63, 0x79, 0x20, 0x76, 0x61, 0x6C, 0x75, 0x65, 0x0A, 0x00,
  0x43, 0x30, 0x48, 0x2B, 0x38, 0x42, 0x00, 0x64, 0x65, 0x66, 0x61, 0x75, 0x6C, 0x74, 0x00, 0x62,
  0x6F, 0x6F, 0x74, 0x6C, 0x6F, 0x61, 0x64, 0x65, 0x72, 0x5F, 0x75, 0x74, 0x69, 0x6C, 0x5F, 0x72,
  0x65, 0x67, 0x69, 0x6F, 0x6E, 0x73, 0x5F, 0x6F, 0x76, 0x65, 0x72, 0x6C, 0x61, 0x70, 0x00, 0x76,
  0x65, 0x72, 0x69, 0x66, 0x79, 0x5F, 0x6C, 0x6F, 0x61, 0x64, 0x5F, 0x61, 0x64, 0x64, 0x72, 0x65,
  0x73, 0x73, 0x65, 0x73, 0x00, 0x62, 0x6F, 0x6F, 0x74, 0x6C, 0x6F, 0x61, 0x64, 0x65, 0x72, 0x5F,
  0x73, 0x68, 0x61, 0x32, 0x35, 0x36, 0x5F, 0x66, 0x69, 0x6E, 0x69, 0x73, 0x68, 0x00, 0x62, 0x6F,
  0x6F, 0x74, 0x6C, 0x6F, 0x61, 0x64, 0x65, 0x72, 0x5F, 0x73, 0x68, 0x61, 0x32, 0x35, 0x36, 0x5F,
  0x64, 0x61, 0x74, 0x61, 0x00, 0x62, 0x6F, 0x6F, 0x74, 0x6C, 0x6F, 0x61, 0x64, 0x65, 0x72, 0x5F,
  0x69, 0x6E, 0x69, 0x74, 0x00, 0x62, 0x6F, 0x6F, 0x74, 0x6C, 0x6F, 0x61, 0x64, 0x65, 0x72, 0x5F,
  0x66, 0x69, 0x6C, 0x6C, 0x5F, 0x72, 0x61, 0x6E, 0x64, 0x6F, 0x6D, 0x00, 0x62, 0x6F, 0x6F, 0x74,
  0x6C, 0x6F, 0x61, 0x64, 0x65, 0x72, 0x5F, 0x66, 0x6C, 0x61, 0x73, 0x68, 0x5F, 0x72, 0x65, 0x61,
  0x64, 0x5F, 0x73, 0x66, 0x64, 0x70, 0x00, 0x62, 0x6F, 0x6F, 0x74, 0x6C, 0x6F, 0x61, 0x64, 0x65,
  0x72, 0x5F, 0x66, 0x6C, 0x61, 0x73, 0x68, 0x5F, 0x65, 0x78, 0x65, 0x63, 0x75, 0x74, 0x65, 0x5F,
  0x63, 0x6F, 0x6D, 0x6D, 0x61, 0x6E, 0x64, 0x5F, 0x63, 0x6F, 0x6D, 0x6D, 0x6F, 0x6E, 0x00, 0x72,
  0x74, 0x63, 0x5F, 0x63, 0x6C, 0x6B, 0x5F, 0x63, 0x70, 0x75, 0x5F, 0x66, 0x72, 0x65, 0x71, 0x5F,
  0x74, 0x6F, 0x5F, 0x38, 0x6D, 0x00, 0xD0, 0x37, 0xCE, 0x3F, 0x04, 0xDD, 0x3C, 0x40, 0x18, 0xDD,
  0x3C, 0x40, 0xA0, 0xDD, 0x3C, 0x40, 0xD7, 0x37, 0xCE, 0x3F, 0x00, 0x00, 0x00, 0x00, 0x48, 0xDD,
  0x3C, 0x40, 0xC0, 0xDD, 0x3C, 0x40, 0x00, 0x00, 0x70, 0xE7, 0x3C, 0x40, 0x00, 0x87, 0x3C, 0x40,
  0x2C, 0x0C, 0x00, 0x00, 0x00, 0x00, 0x00, 0x00, 0x00, 0x00, 0x00, 0x00, 0x78, 0x29, 0xCE, 0x3F,
  0x7D, 0x29, 0xCE, 0x3F, 0xE8, 0x11, 0x00, 0x40, 0xD0, 0x05, 0x00, 0x40, 0x7C, 0x05, 0x00, 0x40,
  0x00, 0x80, 0x00, 0x60, 0xB8, 0x80, 0x00, 0x60, 0x2A, 0x31, 0x1D, 0x8F, 0xB4, 0x80, 0x00, 0x60,
  0x00, 0x27, 0xCE, 0x3F, 0x18, 0x28, 0xCE, 0x3F, 0xE1, 0x31, 0xCE, 0x3F, 0x45, 0x38, 0xCE, 0x3F,
  0x2A, 0x32, 0xCE, 0x3F, 0x20, 0x28, 0xCE, 0x3F, 0x10, 0x29, 0xCE, 0x3F, 0x3F, 0x32, 0xCE, 0x3F,
  0x5A, 0x32, 0xCE, 0x3F, 0x67, 0x32, 0xCE, 0x3F, 0x50, 0xE0, 0x0C, 0x60, 0x54, 0xE0, 0x0C, 0x60,
  0x58, 0xE0, 0x0C, 0x60, 0x5C, 0xE0, 0x0C, 0x60, 0x60, 0xE0, 0x0C, 0x60, 0x64, 0xE0, 0x0C, 0x60,
  0x68, 0xE0, 0x0C, 0x60, 0xE0, 0xE0, 0x0C, 0x60, 0xE4, 0xE0, 0x0C, 0x60, 0xE8, 0xE0, 0x0C, 0x60,
  0xEC, 0xE0, 0x0C, 0x60, 0xF0, 0xE0, 0x0C, 0x60, 0xF4, 0xE0, 0x0C, 0x60, 0xF8, 0xE0, 0x0C, 0x60,
  0x08, 0x00, 0x0C, 0x60, 0x0C, 0x00, 0x0C, 0x60, 0x48, 0xE0, 0x0C, 0x60, 0x4C, 0xE0, 0x0C, 0x60,
  0x10, 0x29, 0xCE, 0x3F, 0xFF, 0x00, 0xFC, 0xFF, 0xFF, 0xFF, 0xCF, 0xFF, 0xFF, 0xB3, 0xC4, 0x04,
  0xFF, 0xFF, 0xF3, 0xFF, 0x40, 0x80, 0x00, 0x60, 0x4C, 0x80, 0x00, 0x60, 0x9C, 0x06, 0x00, 0x40,
  0x14, 0x60, 0x02, 0x60, 0x74, 0x80, 0x00, 0x60, 0x18, 0x00, 0x0C, 0x60, 0xFF, 0xFF, 0xFF, 0xEF,
  0x70, 0x00, 0x04, 0x60, 0xFF, 0xFF, 0x9F, 0xFF, 0x00, 0x00, 0x04, 0x60, 0x04, 0x00, 0x04, 0x60,
  0xFF, 0x0F, 0x00, 0xFF, 0x3C, 0x88, 0x00, 0x60, 0xFF, 0xFF, 0x87, 0xFF, 0x28, 0x00, 0x04, 0x60,
  0xFF, 0xFF, 0xAF, 0x00, 0xFF, 0x7F, 0xF8, 0xFF, 0x18, 0x00, 0x04, 0x60, 0x10, 0x88, 0x00, 0x60,
  0x34, 0x88, 0x00, 0x60, 0x38, 0x00, 0x04, 0x60, 0x3C, 0x00, 0x04, 0x60, 0xFF, 0xFF, 0x07, 0xFF,
  0xFF, 0x3F, 0xF8, 0xFF, 0x6C, 0x5D, 0x00, 0x40, 0xE4, 0xFF, 0xCE, 0x3F, 0xEC, 0x27, 0xCE, 0x3F,
  0x60, 0x09, 0x00, 0x40, 0x50, 0x0A, 0x00, 0x40, 0x78, 0x29, 0xCE, 0x3F, 0xA7, 0x36, 0xCE, 0x3F,
  0x18, 0x29, 0xCE, 0x3F, 0xE0, 0x0D, 0x00, 0x40, 0x28, 0x0E, 0x00, 0x40, 0xEC, 0x0D, 0x00, 0x40,
  0xBC, 0x0D, 0x00, 0x40, 0xD4, 0x0D, 0x00, 0x40, 0xF8, 0x0D, 0x00, 0x40, 0x00, 0x00, 0x00, 0x60,
  0xFF, 0xFF, 0x0F, 0xFF, 0xFF, 0x0F, 0xF0, 0xFF, 0xFF, 0x3D, 0x1E, 0x1C, 0x00, 0x3E, 0x1E, 0x1C,
  0x44, 0x25, 0x00, 0x40, 0x70, 0x28, 0xCE, 0x3F, 0x74, 0x28, 0xCE, 0x3F, 0xDC, 0x36, 0xCE, 0x3F,
  0xE5, 0x36, 0xCE, 0x3F, 0xA4, 0x0A, 0x00, 0x40, 0xA4, 0x1F, 0x00, 0x40, 0x74, 0x1F, 0x00, 0x40,
  0x68, 0x0A, 0x00, 0x40, 0x20, 0x29, 0xCE, 0x3F, 0xF4, 0x11, 0x00, 0x40, 0x84, 0x80, 0x00, 0x60,
  0xFF, 0x3F, 0xC0, 0xFF, 0xFF, 0xFF, 0x01, 0xFE, 0x44, 0xE0, 0x00, 0x60, 0xFF, 0xFF, 0xFD, 0xFF,
  0x9A, 0x37, 0xCE, 0x3F, 0xA7, 0x37, 0xCE, 0x3F, 0x0C, 0x29, 0xCE, 0x3F, 0xB4, 0x06, 0x00, 0x40,
  0xB9, 0xFF, 0xCE, 0x3F, 0xB8, 0xFF, 0xCE, 0x3F, 0xE8, 0x05, 0x00, 0x40, 0x36, 0x81, 0x01, 0x81,
  0x91, 0xFF, 0x16, 0x58, 0x00, 0x81, 0x8F, 0xFF, 0xE0, 0x08, 0x00, 0x25, 0x06, 0x00, 0x16, 0x2A,
  0x00, 0x65, 0x80, 0x04, 0x81, 0x8D, 0xFF, 0x16, 0x58, 0x00, 0x81, 0x8B, 0xFF, 0xE0, 0x08, 0x00,
  0xE5, 0x7B, 0x04, 0xC2, 0xA0, 0xA0, 0xB2, 0xA0, 0x00, 0x10, 0xA1, 0x20, 0x81, 0x8A, 0xFF, 0xE0,
  0x08, 0x00, 0xAD, 0x01, 0xE5, 0x5D, 0x04, 0xDC, 0x2A, 0xA5, 0xBA, 0x03, 0xBD, 0x0A, 0xC1, 0x83,
  0xFF, 0xA1, 0x83, 0xFF, 0x81, 0x85, 0xFF, 0xE0, 0x08, 0x00, 0xC6, 0xF0, 0xFF, 0x10, 0xA1, 0x20,
  0xA5, 0x68, 0x04, 0x82, 0xAF, 0x9D, 0xA0, 0x7A, 0x20, 0x87, 0x1A, 0xB4, 0xA2, 0xA0, 0x00, 0x81,
  0x7F, 0xFF, 0xE0, 0x08, 0x00, 0xBD, 0x07, 0xAD, 0x01, 0x65, 0x7C, 0x04, 0x36, 0x41, 0x00, 0x0C,
  0x18, 0x80, 0x61, 0x13, 0x0C, 0x1A, 0xA5, 0x9A, 0x04, 0x81, 0x79, 0xFF, 0x7C, 0xDA, 0xC0, 0x20,
  0x00, 0x92, 0x28, 0x52, 0xA0, 0x99, 0x10, 0xC0, 0x20, 0x00, 0x92, 0x68, 0x52, 0xC0, 0x20, 0x00,
  0x92, 0x28, 0x3A, 0x0C, 0x1A, 0x40, 0xAA, 0x01, 0xA0, 0x99, 0x20, 0xC0, 0x20, 0x00, 0x92, 0x68,
  0x3A, 0x0C, 0x1A, 0xA5, 0x9B, 0x04, 0x91, 0x6F, 0xFF, 0x81, 0x6F, 0xFF, 0xA1, 0x70, 0xFF, 0xC0,
  0x20, 0x00, 0x89, 0x09, 0xC0, 0x20, 0x00, 0x88, 0x0A, 0x7C, 0xFB, 0x10, 0xBB, 0x01, 0xB0, 0x88,
  0x20, 0xC0, 0x20, 0x00, 0x89, 0x0A, 0x0C, 0x08, 0xC0, 0x20, 0x00, 0x89, 0x09, 0xA5, 0x22, 0x00,
  0x81, 0x68, 0xFF, 0x91, 0x68, 0xFF, 0x87, 0xB9, 0x0E, 0xD1, 0x67, 0xFF, 0xC1, 0x68, 0xFF, 0xB2,
  0xA0, 0xA0, 0xA1, 0x67, 0xFF, 0x25, 0x8F, 0x04, 0x81, 0x67, 0xFF, 0x91, 0x67, 0xFF, 0x87, 0xB9,
  0x0B, 0xD1, 0x66, 0xFF, 0xC1, 0x62, 0xFF, 0xB2, 0xA0, 0xA1, 0x06, 0xF9, 0xFF, 0xE5, 0x4F, 0x00,
  0xE5, 0x12, 0x00, 0xE5, 0x5E, 0x00, 0xE5, 0x91, 0x00, 0xE5, 0x5E, 0x05, 0x65, 0x4D, 0x05, 0x65,
  0x43, 0x00, 0x25, 0x50, 0x03, 0x2D, 0x0A, 0x9C, 0x2A, 0xA5, 0xAC, 0x03, 0xBD, 0x0A, 0xC1, 0x5C,
  0xFF, 0xA1, 0x5C, 0xFF, 0x81, 0x4D, 0xFF, 0xE0, 0x08, 0x00, 0x1D, 0xF0, 0x00, 0x65, 0x4E, 0x00,
  0x2D, 0x0A, 0x56, 0x4A, 0xFF, 0xA5, 0x50, 0x00, 0x2D, 0x0A, 0x56, 0xCA, 0xFE, 0xA5, 0x41, 0x00,
  0x2D, 0x0A, 0x56, 0x4A, 0xFE, 0x0C, 0x0A, 0x81, 0x45, 0xFF, 0xE0, 0x08, 0x00, 0x7D, 0x0A, 0x0C,
  0x1A, 0x81, 0x42, 0xFF, 0xE0, 0x08, 0x00, 0x0C, 0xD9, 0x0C, 0x08, 0x77, 0x39, 0x0D, 0x5C, 0x78,
  0x90, 0x88, 0x11, 0x00, 0x07, 0x40, 0x80, 0x80, 0x91, 0x80, 0x80, 0x04, 0x1C, 0x19, 0xA7, 0x39,
  0x08, 0x92, 0xA4, 0x47, 0x90, 0x99, 0x11, 0xA7, 0xD9, 0x02, 0x16, 0x08, 0x07, 0x81, 0x46, 0xFF,
  0xC0, 0x20, 0x00, 0x88, 0x08, 0x81, 0x45, 0xFF, 0xC0, 0x20, 0x00, 0x88, 0x08, 0x81, 0x44, 0xFF,
  0xC0, 0x20, 0x00, 0x88, 0x08, 0x81, 0x43, 0xFF, 0xC0, 0x20, 0x00, 0x88, 0x08, 0x81, 0x42, 0xFF,
  0xC0, 0x20, 0x00, 0x88, 0x08, 0x81, 0x41, 0xFF, 0xC0, 0x20, 0x00, 0x88, 0x08, 0x81, 0x40, 0xFF,
  0xC0, 0x20, 0x00, 0x88, 0x08, 0x81, 0x3F, 0xFF, 0xC0, 0x20, 0x00, 0x88, 0x08, 0x81, 0x3E, 0xFF,
  0xC0, 0x20, 0x00, 0x88, 0x08, 0x81, 0x3D, 0xFF, 0xC0, 0x20, 0x00, 0x88, 0x08, 0x81, 0x3C, 0xFF,
  0xC0, 0x20, 0x00, 0x88, 0x08, 0x81, 0x3B, 0xFF, 0xC0, 0x20, 0x00, 0x88, 0x08, 0x81, 0x3A, 0xFF,
  0xC0, 0x20, 0x00, 0x88, 0x08, 0x81, 0x39, 0xFF, 0xC0, 0x20, 0x00, 0x82, 0x28, 0x00, 0x91, 0x38,
  0xFF, 0x4C, 0x0A, 0xC0, 0x20, 0x00, 0x88, 0x09, 0xA0, 0x88, 0x20, 0xC0, 0x20, 0x00, 0x89, 0x09,
  0x91, 0x35, 0xFF, 0xA2, 0xAF, 0xBF, 0xC0, 0x20, 0x00, 0x88, 0x09, 0xA0, 0x88, 0x10, 0xC0, 0x20,
  0x00, 0x89, 0x09, 0x91, 0x31, 0xFF, 0x0C, 0x18, 0xC0, 0x20, 0x00, 0x89, 0x09, 0x91, 0x2F, 0xFF,
  0xC0, 0x20, 0x00, 0x89, 0x09, 0x65, 0x43, 0x00, 0xE5, 0x4B, 0x00, 0xC6, 0xBE, 0xFF, 0x00, 0x00,
  0x36, 0x61, 0x00, 0x0C, 0x0A, 0x81, 0x31, 0xFF, 0xE0, 0x08, 0x00, 0x0C, 0x0A, 0x81, 0x07, 0xFF,
  0xE0, 0x08, 0x00, 0x66, 0xAA, 0x02, 0x86, 0x21, 0x00, 0x91, 0x25, 0xFF, 0x88, 0x09, 0x98, 0x19,
  0x99, 0x11, 0x91, 0x24, 0xFF, 0x90, 0x88, 0x10, 0x0C, 0x59, 0x40, 0x99, 0x11, 0x90, 0x88, 0x20,
  0x89, 0x01, 0xE5, 0x74, 0x05, 0x88, 0x01, 0xB1, 0x20, 0xFF, 0xA0, 0x90, 0x14, 0xC0, 0xA9, 0x01,
  0xB0, 0x88, 0x10, 0xA0, 0x88, 0x20, 0x0C, 0x3A, 0x89, 0x01, 0xC0, 0xAA, 0x01, 0xA7, 0xC8, 0x01,
  0x0C, 0x09, 0x82, 0x21, 0x00, 0xC0, 0x99, 0x01, 0xB0, 0x88, 0x10, 0x90, 0x88, 0x20, 0x82, 0x61,
  0x00, 0x65, 0x79, 0x05, 0x82, 0x21, 0x00, 0xB1, 0x16, 0xFF, 0xA0, 0x90, 0x14, 0xE0, 0xA9, 0x01,
  0xB0, 0x88, 0x10, 0xA0, 0x88, 0x20, 0x89, 0x01, 0x0C, 0x1A, 0x80, 0x82, 0x15, 0xE0, 0x88, 0x01,
  0xD0, 0xAA, 0x01, 0xA7, 0x98, 0x01, 0x0C, 0x09, 0xA2, 0x21, 0x00, 0xE0, 0x99, 0x01, 0xB0, 0xAA,
  0x10, 0x90, 0xAA, 0x20, 0xB2, 0x21, 0x01, 0xA2, 0x61, 0x00, 0xA5, 0x61, 0x00, 0xC6, 0x02, 0x00,
  0xE5, 0xB3, 0x05, 0x81, 0x06, 0xFF, 0xA7, 0x38, 0x02, 0x06, 0xDB, 0xFF, 0x81, 0x06, 0xFF, 0x92,
  0xA0, 0x00, 0xC0, 0x20, 0x00, 0x92, 0x68, 0x00, 0x81, 0x04, 0xFF, 0x92, 0xAF, 0xFF, 0xC0, 0x20,
  0x00, 0x99, 0x08, 0x1D, 0xF0, 0x00, 0x00, 0x00, 0x36, 0x41, 0x00, 0xA5, 0x5B, 0x00, 0x1D, 0xF0,
  0x36, 0x41, 0x00, 0x91, 0xFF, 0xFE, 0x0C, 0x1A, 0xC0, 0x20, 0x00, 0x88, 0x09, 0x10, 0xAA, 0x11,
  0xA0, 0x88, 0x20, 0xC0, 0x20, 0x00, 0x89, 0x09, 0x91, 0xFB, 0xFE, 0xA2, 0xA4, 0x00, 0xC0, 0x20,
  0x00, 0x88, 0x09, 0x4C, 0x0B, 0xA0, 0x88, 0x20, 0xC0, 0x20, 0x00, 0x89, 0x09, 0x81, 0xF6, 0xFE,
  0x0C, 0x1A, 0xC0, 0x20, 0x00, 0x98, 0x08, 0x40, 0xAA, 0x01, 0xA0, 0x99, 0x20, 0xC0, 0x20, 0x00,
  0x99, 0x08, 0xC0, 0x20, 0x00, 0x98, 0x08, 0xA1, 0xF1, 0xFE, 0xC1, 0xF6, 0xFE, 0xA0, 0x99, 0x10,
  0xC0, 0x20, 0x00, 0x99, 0x08, 0x91, 0xEE, 0xFE, 0xA1, 0xEF, 0xFE, 0xC0, 0x20, 0x00, 0x88, 0x09,
  0x0C, 0x3D, 0xA0, 0x88, 0x10, 0x0C, 0x1A, 0xA0, 0xAA, 0x01, 0xA0, 0x88, 0x20, 0xC0, 0x20, 0x00,
  0x89, 0x09, 0x81, 0xE9, 0xFE, 0x30, 0xDD, 0x01, 0xC0, 0x20, 0x00, 0xA8, 0x08, 0x0C, 0x1F, 0xB0,
  0xAA, 0x20, 0xC0, 0x20, 0x00, 0xA9, 0x08, 0xC0, 0x20, 0x00, 0xA8, 0x09, 0x0C, 0x1B, 0xC0, 0xBB,
  0x01, 0xB0, 0xAA, 0x20, 0xC0, 0x20, 0x00, 0xA9, 0x09, 0xC0, 0x20, 0x00, 0xA8, 0x09, 0xB2, 0xAF,
  0x00, 0xB0, 0xAA, 0x10, 0x0C, 0x3B, 0xB0, 0xAA, 0x20, 0xC0, 0x20, 0x00, 0xA9, 0x09, 0xC0, 0x20,
  0x00, 0x98, 0x08, 0xA2, 0xA0, 0x7F, 0xA2, 0xDA, 0x80, 0xA0, 0x99, 0x10, 0xA2, 0xA1, 0x80, 0xA0,
  0x99, 0x20, 0xC0, 0x20, 0x00, 0x99, 0x08, 0x91, 0xD5, 0xFE, 0xB1, 0xD5, 0xFE, 0xC0, 0x20, 0x00,
  0xA8, 0x09, 0x0C, 0x4E, 0xB0, 0xAA, 0x10, 0x2C, 0x3B, 0x30, 0xBB, 0x11, 0xB0, 0xAA, 0x20, 0xC0,
  0x20, 0x00, 0xA9, 0x09, 0xC0, 0x20, 0x00, 0xA8, 0x08, 0x7C, 0xEB, 0xB0, 0xAA, 0x10, 0xC0, 0x20,
  0x00, 0xA9, 0x08, 0xC0, 0x20, 0x00, 0xA8, 0x0C, 0xD0, 0xAA, 0x20, 0xC0, 0x20, 0x00, 0xA9, 0x0C,
  0xC0, 0x20, 0x00, 0xA8, 0x09, 0xC1, 0xCB, 0xFE, 0xB0, 0xAA, 0x10, 0xC0, 0x20, 0x00, 0xA9, 0x09,
  0xC0, 0x20, 0x00, 0xA8, 0x08, 0x6C, 0x7B, 0xB0, 0xAA, 0x10, 0x0C, 0x8B, 0xB0, 0xAA, 0x20, 0xC0,
  0x20, 0x00, 0xA9, 0x08, 0xC0, 0x20, 0x00, 0xA8, 0x08, 0xB1, 0xBF, 0xFE, 0x0C, 0x4D, 0xB0, 0xAA,
  0x10, 0xC0, 0x20, 0x00, 0xA9, 0x08, 0xB1, 0xBE, 0xFE, 0xA1, 0xBC, 0xFE, 0xC0, 0x20, 0x00, 0xB9,
  0x0A, 0xC0, 0x20, 0x00, 0xA8, 0x08, 0xC0, 0xAA, 0x10, 0xC0, 0x20, 0x00, 0xA9, 0x08, 0x81, 0xBA,
  0xFE, 0xA1, 0xBA, 0xFE, 0xC0, 0x20, 0x00, 0xB9, 0x08, 0xC0, 0x20, 0x00, 0x88, 0x0A, 0x7C, 0xFB,
  0x10, 0xBB, 0x01, 0xB0, 0x88, 0x20, 0xC0, 0x20, 0x00, 0x89, 0x0A, 0xA1, 0xB5, 0xFE, 0xB2, 0xAF,
  0xDF, 0xC0, 0x20, 0x00, 0x88, 0x0A, 0x0C, 0x7C, 0x8A, 0x88, 0x80, 0x81, 0x41, 0xC0, 0x20, 0x00,
  0x89, 0x0A, 0x81, 0xB0, 0xFE, 0xC0, 0x20, 0x00, 0xA8, 0x08, 0xB0, 0xAA, 0x10, 0xC0, 0x20, 0x00,
  0xA9, 0x08, 0xC0, 0x20, 0x00, 0xA8, 0x08, 0x7C, 0xFB, 0xB2, 0xDB, 0xF0, 0xB0, 0xAA, 0x10, 0xC0,
  0x20, 0x00, 0xA9, 0x08, 0xA1, 0xA9, 0xFE, 0xB1, 0xA9, 0xFE, 0xC0, 0x20, 0x00, 0x88, 0x0A, 0xB0,
  0x88, 0x10, 0x0C, 0xDB, 0xD0, 0xBB, 0x01, 0xB0, 0x88, 0x20, 0xC0, 0x20, 0x00, 0x89, 0x0A, 0xC0,
  0x20, 0x00, 0x88, 0x0A, 0xB1, 0xA3, 0xFE, 0xB0, 0x88, 0x10, 0x0C, 0xDB, 0x20, 0xBB, 0x11, 0xB0,
  0x88, 0x20, 0xC0, 0x20, 0x00, 0x89, 0x0A, 0xC0, 0x20, 0x00, 0x88, 0x09, 0x0C, 0x1A, 0x50, 0xAA,
  0x11, 0xA0, 0x88, 0x20, 0xC0, 0x20, 0x00, 0x89, 0x09, 0xC0, 0x20, 0x00, 0x88, 0x09, 0x0C, 0x1A,
  0x80, 0xAA, 0x01, 0xA0, 0x88, 0x20, 0xC0, 0x20, 0x00, 0x89, 0x09, 0x0C, 0x1B, 0xA2, 0xA0, 0x69,
  0x81, 0x95, 0xFE, 0xE0, 0x08, 0x00, 0x0C, 0x1F, 0x0C, 0x2E, 0x0C, 0x2D, 0x0C, 0x7C, 0xB2, 0xA0,
  0x01, 0xA2, 0xA0, 0x69, 0x81, 0x90, 0xFE, 0xE0, 0x08, 0x00, 0x0C, 0x0F, 0x0C, 0x3E, 0x0C, 0x3D,
  0x0C, 0x7C, 0x0C, 0x1B, 0xA2, 0xA0, 0x69, 0x81, 0x8B, 0xFE, 0xE0, 0x08, 0x00, 0x0C, 0x0F, 0x0C,
  0x0E, 0x0C, 0x1D, 0x0C, 0x7C, 0x0C, 0x1B, 0xA2, 0xA0, 0x69, 0x81, 0x86, 0xFE, 0xE0, 0x08, 0x00,
  0x1D, 0xF0, 0x00, 0x00, 0x36, 0x41, 0x00, 0x81, 0x84, 0xFE, 0x72, 0x28, 0x00, 0x25, 0x0A, 0x03,
  0xA2, 0x67, 0x00, 0x90, 0x00, 0x00, 0x00, 0x00, 0x36, 0x41, 0x00, 0x0C, 0x1A, 0x65, 0x21, 0x03,
  0xA5, 0x1E, 0x03, 0xE5, 0x14, 0x03, 0x0C, 0x0D, 0xC2, 0xA0, 0x00, 0xB2, 0xA0, 0x00, 0xA2, 0xA0,
  0x7A, 0x25, 0xEF, 0x02, 0x71, 0x79, 0xFE, 0xA8, 0x07, 0x81, 0x79, 0xFE, 0xE0, 0x08, 0x00, 0x65,
  0xF0, 0x02, 0xE5, 0x11, 0x03, 0xCC, 0x1A, 0xE5, 0x21, 0x00, 0x65, 0xBE, 0x03, 0x0C, 0x2B, 0x0C,
  0x1A, 0x25, 0x1F, 0x05, 0x81, 0x72, 0xFE, 0x1C, 0x0B, 0x82, 0x08, 0x03, 0x80, 0x84, 0x34, 0x26,
  0x48, 0x13, 0xF6, 0x58, 0x40, 0x0C, 0x4B, 0x26, 0x28, 0x0B, 0x0C, 0x8B, 0x26, 0x38, 0x06, 0x0C,
  0x2B, 0x0C, 0x19, 0x80, 0xB9, 0x83, 0x82, 0x27, 0x00, 0xF2, 0xAF, 0xFF, 0xA8, 0x08, 0x0C, 0x1D,
  0xC2, 0xA0, 0x01, 0xF0, 0xF0, 0xF5, 0xE2, 0xA1, 0x00, 0x40, 0xDD, 0x11, 0x00, 0xCC, 0x11, 0xC0,
  0xBB, 0x01, 0x81, 0x64, 0xFE, 0xE0, 0x08, 0x00, 0x0C, 0x2B, 0x0C, 0x1A, 0xE5, 0x1C, 0x05, 0xE5,
  0xB7, 0x03, 0x0C, 0x02, 0x1D, 0xF0, 0x4C, 0x0B, 0x26, 0x68, 0xCA, 0xB2, 0xA0, 0x80, 0x26, 0x78,
  0xC4, 0x0C, 0x2B, 0x66, 0x58, 0xBF, 0x2C, 0x0B, 0x86, 0xEE, 0xFF, 0x00, 0x36, 0x41, 0x00, 0xA1,
  0x1C, 0xFE, 0xC1, 0x1C, 0xFE, 0x0C, 0x0B, 0xA0, 0xCC, 0xC0, 0x81, 0x12, 0xFE, 0xE0, 0x08, 0x00,
  0x1D, 0xF0, 0x00, 0x00, 0x36, 0x41, 0x00, 0xB1, 0x51, 0xFE, 0xD2, 0xA0, 0x01, 0xC2, 0xA0, 0x18,
  0x0C, 0x0A, 0x25, 0x9D, 0x03, 0x2D, 0x0A, 0x9C, 0x1A, 0xA5, 0x5B, 0x03, 0xBD, 0x0A, 0xC1, 0x4E,
  0xFE, 0xA1, 0x4E, 0xFE, 0x7C, 0xF2, 0x81, 0x08, 0xFE, 0xE0, 0x08, 0x00, 0x1D, 0xF0, 0x00, 0x00,
  0x36, 0x41, 0x00, 0x25, 0x45, 0x03, 0x65, 0x46, 0x03, 0xA1, 0x44, 0xFE, 0xB2, 0xA0, 0x00, 0xA5,
  0x7A, 0x03, 0x0C, 0x12, 0xA0, 0x2A, 0x83, 0x20, 0x20, 0x60, 0x1D, 0xF0, 0x36, 0x61, 0x00, 0x82,
  0xA0, 0x00, 0x82, 0x61, 0x02, 0x81, 0xFE, 0xFD, 0xA2, 0xC1, 0x08, 0x89, 0x31, 0x81, 0x41, 0xFE,
  0xE0, 0x08, 0x00, 0x0C, 0x0B, 0x8B, 0xA1, 0x81, 0x40, 0xFE, 0xE0, 0x08, 0x00, 0x8B, 0xA1, 0x81,
  0x3F, 0xFE, 0xE0, 0x08, 0x00, 0x0C, 0x0D, 0x0C, 0x0C, 0x0C, 0x0B, 0x8B, 0xA1, 0x81, 0x3C, 0xFE,
  0xE0, 0x08, 0x00, 0xE5, 0x33, 0x05, 0x7D, 0x0A, 0x8B, 0xA1, 0x81, 0x36, 0xFE, 0xE0, 0x08, 0x00,
  0x0C, 0x9C, 0x70, 0xCC, 0x82, 0x0C, 0x4D, 0x0C, 0x0B, 0x8B, 0xA1, 0x81, 0x36, 0xFE, 0xE0, 0x08,
  0x00, 0x8B, 0xA1, 0x81, 0x35, 0xFE, 0xE0, 0x08, 0x00, 0x8B, 0xA1, 0x81, 0x30, 0xFE, 0xE0, 0x08,
  0x00, 0x81, 0x2B, 0xFE, 0xAD, 0x01, 0x98, 0x08, 0x88, 0x18, 0x99, 0x01, 0x89, 0x11, 0x81, 0x29,
  0xFE, 0xE0, 0x08, 0x00, 0xAD, 0x01, 0x0C, 0x0B, 0x81, 0x28, 0xFE, 0xE0, 0x08, 0x00, 0xAD, 0x01,
  0x81, 0x27, 0xFE, 0xE0, 0x08, 0x00, 0x1D, 0xF0, 0x36, 0x41, 0x00, 0x65, 0xC1, 0xFF, 0x1D, 0xF0,
  0x36, 0x61, 0x00, 0xE5, 0x30, 0x00, 0xA2, 0xA0, 0x00, 0x81, 0x00, 0xFE, 0xE0, 0x08, 0x00, 0x25,
  0x71, 0x05, 0x65, 0x1F, 0x03, 0x82, 0xA3, 0xE8, 0x80, 0x88, 0x82, 0xB1, 0x23, 0xFE, 0x80, 0x7A,
  0x82, 0xC1, 0x22, 0xFE, 0xBA, 0xA7, 0xD2, 0xA0, 0x00, 0xB0, 0xBA, 0x62, 0x81, 0x21, 0xFE, 0xE0,
  0x08, 0x00, 0x0B, 0xBA, 0x82, 0xA0, 0xFF, 0xB7, 0x38, 0x75, 0xC0, 0x9A, 0x11, 0xA0, 0x99, 0xC0,
  0xC0, 0x89, 0x11, 0x90, 0x88, 0xC0, 0x91, 0x15, 0xFE, 0x70, 0x88, 0x11, 0xC0, 0x77, 0x11, 0x80,
  0x77, 0xC2, 0xC0, 0x20, 0x00, 0x88, 0x59, 0x70, 0xA4, 0xB4, 0x80, 0x8C, 0x41, 0x40, 0x88, 0x11,
  0xA0, 0x88, 0x20, 0xC0, 0x20, 0x00, 0x89, 0x59, 0xC0, 0x20, 0x00, 0x88, 0x59, 0xA1, 0x0C, 0xFE,
  0x70, 0x70, 0x34, 0xA0, 0x88, 0x10, 0xC0, 0x77, 0x01, 0x70, 0x88, 0x20, 0xC0, 0x20, 0x00, 0x89,
  0x59, 0xC0, 0x20, 0x00, 0x82, 0x29, 0x1E, 0xA1, 0x07, 0xFE, 0xC0, 0x20, 0x00, 0x89, 0x01, 0xC0,
  0x20, 0x00, 0x88, 0x01, 0xB0, 0xB0, 0x74, 0x40, 0xBB, 0x11, 0xA0, 0x88, 0x10, 0xB0, 0x88, 0x20,
  0xC0, 0x20, 0x00, 0x89, 0x01, 0xC0, 0x20, 0x00, 0x88, 0x01, 0xC0, 0x20, 0x00, 0x82, 0x69, 0x1E,
  0x1D, 0xF0, 0x00, 0x00, 0x36, 0x41, 0x00, 0x71, 0xEC, 0xFD, 0xA8, 0x07, 0x81, 0xED, 0xFD, 0xE0,
  0x08, 0x00, 0xA8, 0x07, 0x0C, 0x0D, 0x88, 0x0A, 0x80, 0xE0, 0x75, 0x80, 0xF0, 0xF4, 0x81, 0xF9,
  0xFD, 0xC2, 0x08, 0x00, 0x81, 0xF9, 0xFD, 0x0B, 0xCC, 0x88, 0x08, 0xC7, 0xBD, 0x02, 0xC6, 0x23,
  0x00, 0xB2, 0x08, 0x0A, 0x92, 0x08, 0x09, 0x80, 0xBB, 0x11, 0x90, 0xBB, 0x20, 0x92, 0x08, 0x0B,
  0x62, 0x08, 0x0C, 0x00, 0x99, 0x11, 0xB0, 0x99, 0x20, 0x80, 0x66, 0x01, 0xB2, 0x08, 0x0E, 0x90,
  0x66, 0x20, 0x92, 0x08, 0x0D, 0x80, 0xBB, 0x11, 0x90, 0xBB, 0x20, 0x92, 0x08, 0x0F, 0x42, 0x08,
  0x10, 0x00, 0x99, 0x11, 0x22, 0x08, 0x11, 0xB0, 0x99, 0x20, 0x80, 0x44, 0x01, 0x90, 0x44, 0x20,
  0x52, 0xA0, 0x01, 0x81, 0xD3, 0xFD, 0xE0, 0x08, 0x00, 0xE0, 0x06, 0x00, 0x00, 0x12, 0x40, 0x00,
  0x55, 0xA1, 0x3D, 0x0A, 0x57, 0x8A, 0x68, 0x0C, 0x0D, 0x0C, 0x0C, 0x0C, 0x0B, 0x0C, 0x6A, 0x65,
  0xC3, 0x02, 0x50, 0xA3, 0x20, 0xE0, 0x04, 0x00, 0xA2, 0x27, 0x00, 0x81, 0xC9, 0xFD, 0xE0, 0x08,
  0x00, 0xE0, 0x06, 0x00, 0xA7, 0x85, 0x48, 0xE5, 0x39, 0x03, 0xBD, 0x0A, 0xC1, 0xD8, 0xFD, 0xA1,
  0xD8, 0xFD, 0x81, 0x81, 0xFD, 0xE0, 0x08, 0x00, 0xE5, 0xCE, 0x04, 0x65, 0xD3, 0x04, 0x1D, 0xF0,
  0x00, 0x92, 0x08, 0x04, 0xE7, 0x99, 0x20, 0x92, 0x08, 0x06, 0xB2, 0x08, 0x05, 0x80, 0x99, 0x11,
  0xB0, 0x99, 0x20, 0xB2, 0x08, 0x08, 0x62, 0x08, 0x07, 0x80, 0xBB, 0x11, 0x90, 0x9F, 0x30, 0x60,
  0xBB, 0x20, 0xB7, 0x89, 0x02, 0x06, 0xD2, 0xFF, 0x1B, 0xDD, 0x82, 0xC8, 0x12, 0x86, 0xCE, 0xFF,
  0x0C, 0x0A, 0x81, 0xC8, 0xFD, 0xE0, 0x08, 0x00, 0x81, 0xC8, 0xFD, 0xE0, 0x08, 0x00, 0x7D, 0x0A,
  0x81, 0xC7, 0xFD, 0xE0, 0x08, 0x00, 0xBD, 0x0A, 0x70, 0xA0, 0x74, 0x81, 0xC5, 0xFD, 0xE0, 0x08,
  0x00, 0xC6, 0xE8, 0xFF, 0x36, 0x81, 0x00, 0xB1, 0xC3, 0xFD, 0x1C, 0x4C, 0x10, 0xA1, 0x20, 0x81,
  0xC2, 0xFD, 0xE0, 0x08, 0x00, 0x6D, 0x01, 0x0C, 0x07, 0xA2, 0x26, 0x00, 0xB2, 0xA0, 0x00, 0x1B,
  0x77, 0xA5, 0x15, 0x00, 0x4B, 0x66, 0x66, 0x57, 0xEF, 0x0C, 0x1B, 0x0C, 0x1A, 0xE5, 0x14, 0x00,
  0x1D, 0xF0, 0x00, 0x00, 0x36, 0xA1, 0x00, 0xA1, 0xB9, 0xFD, 0xB1, 0xB9, 0xFD, 0xC0, 0x20, 0x00,
  0x98, 0x0A, 0x30, 0x83, 0x74, 0xB0, 0x99, 0x10, 0x20, 0x88, 0x11, 0x29, 0x81, 0x39, 0x91, 0x90,
  0x88, 0x20, 0xC0, 0x20, 0x00, 0x89, 0x0A, 0xA1, 0x7F, 0xFD, 0x88, 0x91, 0xB1, 0xB2, 0xFD, 0xC0,
  0x20, 0x00, 0x98, 0x0A, 0x80, 0x8B, 0x74, 0xB0, 0x99, 0x10, 0xF0, 0x88, 0x01, 0x90, 0x88, 0x20,
  0xC0, 0x20, 0x00, 0x89, 0x0A, 0xA2, 0x21, 0x08, 0xA0, 0xA6, 0x75, 0x25, 0x4F, 0x05, 0xA8, 0x91,
  0xA0, 0xA0, 0x24, 0x65, 0x53, 0x05, 0x81, 0xA8, 0xFD, 0xA2, 0xA3, 0xFF, 0xC0, 0x20, 0x00, 0x98,
  0x08, 0x80, 0xAA, 0x11, 0xA0, 0x99, 0x20, 0xC0, 0x20, 0x00, 0x99, 0x08, 0xC0, 0x20, 0x00, 0x98,
  0x08, 0xA1, 0xA2, 0xFD, 0x72, 0x01, 0x20, 0xA0, 0x99, 0x10, 0xC0, 0x20, 0x00, 0x99, 0x08, 0x0C,
  0x0A, 0x81, 0x66, 0xFD, 0xE0, 0x08, 0x00, 0xAD, 0x07, 0x65, 0x12, 0x05, 0xA2, 0xA3, 0xE8, 0xA0,
  0xAA, 0x82, 0xA0, 0xA7, 0x82, 0x65, 0x05, 0x03, 0xA2, 0xC1, 0x10, 0xA5, 0xFA, 0x02, 0x78, 0x81,
  0xBD, 0x01, 0x70, 0x78, 0x94, 0xAD, 0x07, 0x68, 0x71, 0xE5, 0x0A, 0x05, 0xDC, 0x2A, 0x65, 0x25,
  0x03, 0xBD, 0x0A, 0xC1, 0x93, 0xFD, 0xA1, 0x93, 0xFD, 0x81, 0x2F, 0xFD, 0xE0, 0x08, 0x00, 0x25,
  0x05, 0x04, 0x10, 0xA1, 0x20, 0xE5, 0x27, 0x05, 0xA0, 0xEA, 0x03, 0x70, 0xBA, 0xA2, 0x70, 0xAA,
  0x82, 0x60, 0xC6, 0x20, 0xD2, 0xA0, 0x00, 0x81, 0x7A, 0xFD, 0xE0, 0x08, 0x00, 0xA0, 0xEA, 0x13,
  0xB8, 0x81, 0x0C, 0x18, 0xB0, 0xB4, 0x15, 0xC0, 0xBB, 0x01, 0xC0, 0x88, 0x01, 0x87, 0x9B, 0x1D,
  0x0C, 0x1A, 0x25, 0xE1, 0x04, 0x0C, 0x0B, 0x0C, 0x1A, 0xA5, 0xED, 0x04, 0xA8, 0x81, 0xA0, 0xA2,
  0x15, 0xA5, 0x00, 0x05, 0xA8, 0x81, 0xA0, 0xA4, 0x15, 0xA5, 0xF4, 0x04, 0x1D, 0xF0, 0x0C, 0x18,
  0xB0, 0x88, 0x01, 0x80, 0xBB, 0xC0, 0xB0, 0xFB, 0x40, 0xB0, 0xB5, 0x41, 0xC6, 0xF5, 0xFF, 0x00,
  0x36, 0x41, 0x00, 0x81, 0x79, 0xFD, 0x91, 0x79, 0xFD, 0x99, 0x08, 0x91, 0x79, 0xFD, 0x82, 0xA0,
  0x01, 0x82, 0x49, 0x00, 0x91, 0x78, 0xFD, 0x82, 0x49, 0x00, 0x81, 0x77, 0xFD, 0xE0, 0x08, 0x00,
  0x1D, 0xF0, 0x00, 0x00, 0x36, 0x41, 0x00, 0x1D, 0xF0, 0x00, 0x00, 0x00, 0x36, 0x41, 0x00, 0x30,
  0x22, 0x01, 0x26, 0x23, 0x1E, 0xF6, 0x33, 0x14, 0x0C, 0x08, 0xCC, 0x63, 0x0C, 0xF8, 0x80, 0x62,
  0x50, 0x00, 0x20, 0x00, 0x80, 0xE2, 0x50, 0x30, 0x20, 0x00, 0x06, 0x01, 0x00, 0x0C, 0x28, 0x26,
  0x33, 0xF1, 0x1D, 0xF0, 0x0C, 0x38, 0x80, 0x62, 0x50, 0x00, 0x20, 0x00, 0x86, 0xFC, 0xFF, 0x00,
  0x00, 0x00, 0x00, 0x00, 0x00, 0x00, 0x00, 0x00, 0x00, 0x00, 0x00, 0x00, 0x00, 0x00, 0x00, 0x00,
  0x00, 0xB7, 0x3C, 0x40, 0xC0, 0x30, 0x00, 0x00, 0x3D, 0x35, 0xCE, 0x3F, 0x87, 0x38, 0xCE, 0x3F,
  0x85, 0x35, 0xCE, 0x3F, 0x98, 0x35, 0xCE, 0x3F, 0x00, 0x20, 0x00, 0x60, 0xFF, 0xFF, 0xFF, 0xBF,
  0xE4, 0xFF, 0xCE, 0x3F, 0xFF, 0xFF, 0xFF, 0xDF, 0xFF, 0xFF, 0xFF, 0xF7, 0xFF, 0xFF, 0xFF, 0xEF,
  0x58, 0x20, 0x00, 0x60, 0xF4, 0x11, 0x00, 0x40, 0x60, 0x09, 0x00, 0x40, 0xA7, 0x35, 0xCE, 0x3F,
  0x6C, 0x38, 0xCE, 0x3F, 0xD8, 0x21, 0x00, 0x40, 0x5A, 0x34, 0xCE, 0x3F, 0xBA, 0x35, 0xCE, 0x3F,
  0x00, 0x06, 0x00, 0x40, 0xD0, 0x05, 0x00, 0x40, 0x00, 0x70, 0x00, 0x60, 0x18, 0x30, 0x00, 0x60,
  0x10, 0x30, 0x00, 0x60, 0xFF, 0xFF, 0xFF, 0x81, 0x08, 0x30, 0x00, 0x60, 0x08, 0x00, 0x0C, 0x00,
  0x08, 0x20, 0x00, 0x60, 0x74, 0x1F, 0x00, 0x40, 0xA4, 0x1F, 0x00, 0x40, 0x18, 0x1B, 0x00, 0x40,
  0xC0, 0x80, 0x00, 0x60, 0x60, 0x00, 0x0C, 0x60, 0x10, 0x00, 0x0C, 0x60, 0x08, 0x28, 0xCE, 0x3F,
  0xFC, 0x28, 0xCE, 0x3F, 0x00, 0x29, 0xCE, 0x3F, 0xFC, 0x81, 0x00, 0x60, 0xFF, 0x1F, 0xF8, 0xFF,
  0x4C, 0x1A, 0x00, 0x40, 0x6C, 0x5D, 0x00, 0x40, 0x40, 0x1A, 0x00, 0x40, 0xF0, 0xFF, 0x0F, 0x60,
  0x98, 0x1C, 0x00, 0x40, 0x1F, 0x85, 0xEB, 0x51, 0xA2, 0x32, 0xCE, 0x3F, 0xAC, 0x32, 0xCE, 0x3F,
  0xFD, 0xFF, 0x00, 0x00, 0xF7, 0x32, 0xCE, 0x3F, 0xFF, 0xFF, 0x00, 0x00, 0x42, 0x33, 0xCE, 0x3F,
  0x8E, 0x33, 0xCE, 0x3F, 0xDA, 0x33, 0xCE, 0x3F, 0xE8, 0x11, 0x00, 0x40, 0xE8, 0x27, 0xCE, 0x3F,
  0x6B, 0x34, 0xCE, 0x3F, 0x97, 0x34, 0xCE, 0x3F, 0xC4, 0x34, 0xCE, 0x3F, 0xE1, 0x34, 0xCE, 0x3F,
  0xF8, 0x28, 0xCE, 0x3F, 0x00, 0x00, 0xFF, 0x3D, 0x20, 0x0A, 0x00, 0x40, 0xFC, 0x09, 0x00, 0x40,
  0xDE, 0x35, 0xCE, 0x3F, 0x25, 0x36, 0xCE, 0x3F, 0x67, 0x36, 0xCE, 0x3F, 0x6C, 0x09, 0x00, 0x40,
  0x14, 0x0A, 0x00, 0x40, 0x00, 0x30, 0x00, 0x60, 0x0F, 0x34, 0xCE, 0x3F, 0x55, 0x38, 0xCE, 0x3F,
  0x46, 0x34, 0xCE, 0x3F, 0x7C, 0x50, 0x03, 0x60, 0x3C, 0x88, 0x00, 0x60, 0xFF, 0xFF, 0xFF, 0x9F,
  0x10, 0x88, 0x00, 0x60, 0x04, 0x00, 0x04, 0x60, 0xFF, 0xFF, 0xFF, 0xFE, 0x18, 0x00, 0x0C, 0x60,
  0x20, 0x00, 0x0C, 0x60, 0xA6, 0x29, 0xCE, 0x3F, 0x78, 0x29, 0xCE, 0x3F, 0xB7, 0x29, 0xCE, 0x3F,
  0xDC, 0x29, 0xCE, 0x3F, 0x06, 0x2A, 0xCE, 0x3F, 0xFF, 0xFF, 0xFF, 0x41, 0xFF, 0xFF, 0xFF, 0x43,
  0xFF, 0xFF, 0xFF, 0x3B, 0xFF, 0xFF, 0xFF, 0x3D, 0x64, 0x40, 0x0C, 0x60, 0x04, 0x40, 0x0C, 0x60,
  0xFF, 0xFF, 0xFF, 0x01, 0x2F, 0x2A, 0xCE, 0x3F, 0x34, 0x2A, 0xCE, 0x3F, 0x88, 0x2A, 0xCE, 0x3F,
  0x8D, 0x2A, 0xCE, 0x3F, 0x00, 0x27, 0xCE, 0x3F, 0xC7, 0x2A, 0xCE, 0x3F, 0x10, 0x2B, 0xCE, 0x3F,
  0x00, 0x0C, 0x00, 0x00, 0x00, 0x80, 0x00, 0x00, 0x42, 0x2B, 0xCE, 0x3F, 0x72, 0x2B, 0xCE, 0x3F,
  0xA0, 0x2B, 0xCE, 0x3F, 0xE1, 0x2B, 0xCE, 0x3F, 0x31, 0x2C, 0xCE, 0x3F, 0x7C, 0x05, 0x00, 0x40,
  0xD8, 0x06, 0x00, 0x40, 0x5D, 0x2C, 0xCE, 0x3F, 0x9C, 0x2C, 0xCE, 0x3F, 0x60, 0x12, 0x00, 0x40,
  0x10, 0x27, 0xCE, 0x3F, 0xEC, 0x1C, 0x00, 0x40, 0x10, 0x1D, 0x00, 0x40, 0x99, 0x31, 0xCE, 0x3F,
  0x2E, 0x38, 0xCE, 0x3F, 0xD0, 0x31, 0xCE, 0x3F, 0x34, 0x1D, 0x00, 0x40, 0x15, 0x38, 0xCE, 0x3F,
  0x40, 0x1D, 0x00, 0x40, 0x90, 0x06, 0x00, 0x40, 0x34, 0x29, 0xCE, 0x3F, 0xAC, 0xD2, 0x3C, 0x40,
  0x56, 0x29, 0xCE, 0x3F, 0x0C, 0x20, 0x10, 0x00, 0x48, 0x81, 0x00, 0x60, 0xB4, 0x80, 0x00, 0x60,
  0xFF, 0xFF, 0xFD, 0xFF, 0x34, 0x80, 0x00, 0x60, 0xFF, 0xFF, 0xEF, 0xFF, 0x08, 0x2E, 0xCE, 0x3F,
  0x12, 0x2E, 0xCE, 0x3F, 0x4A, 0x2E, 0xCE, 0x3F, 0x04, 0x27, 0xCE, 0x3F, 0x95, 0x2E, 0xCE, 0x3F,
  0xD1, 0x2E, 0xCE, 0x3F, 0xDF, 0x37, 0xCE, 0x3F, 0x0B, 0x2F, 0xCE, 0x3F, 0x1D, 0x2F, 0xCE, 0x3F,
  0x00, 0x80, 0x37, 0x40, 0x00, 0x00, 0x3E, 0x40, 0x00, 0x80, 0xC8, 0x3F, 0x00, 0x00, 0xCF, 0x3F,
  0x2B, 0x2F, 0xCE, 0x3F, 0x45, 0x2F, 0xCE, 0x3F, 0x5E, 0x2F, 0xCE, 0x3F, 0x73, 0x2F, 0xCE, 0x3F,
  0x8A, 0x2F, 0xCE, 0x3F, 0xFF, 0x37, 0xCE, 0x3F, 0xC7, 0x2F, 0xCE, 0x3F, 0x00, 0x80, 0x37, 0xC0,
  0xFF, 0x7F, 0x07, 0x00, 0xFF, 0x7F, 0x37, 0xC0, 0x10, 0xB7, 0xCE, 0x3F, 0xEC, 0x38, 0xCE, 0x3F,
  0x00, 0x27, 0xCE, 0x3F, 0xFF, 0x7F, 0x06, 0x00, 0x00, 0x00, 0x6F, 0x00, 0x00, 0x00, 0xC9, 0xBF,
  0xFF, 0xFF, 0x06, 0x00, 0xFF, 0xFF, 0xC8, 0xBF, 0xC0, 0xE7, 0x3C, 0x40, 0x00, 0xB7, 0x3C, 0x40,
  0x00, 0x00, 0x91, 0xFF, 0xFF, 0x7F, 0xC8, 0xBF, 0x00, 0x20, 0xF0, 0x9F, 0xFF, 0x1F, 0xF0, 0x9F,
  0xFF, 0xFF, 0xFF, 0xAF, 0xDA, 0x2F, 0xCE, 0x3F, 0x0C, 0x30, 0xCE, 0x3F, 0x4E, 0x30, 0xCE, 0x3F,
  0x83, 0x30, 0xCE, 0x3F, 0xAD, 0x30, 0xCE, 0x3F, 0xF6, 0x30, 0xCE, 0x3F, 0x10, 0x2B, 0xCE, 0x3F,
  0x08, 0x27, 0xCE, 0x3F, 0x23, 0x31, 0xCE, 0x3F, 0x49, 0x31, 0xCE, 0x3F, 0x59, 0x31, 0xCE, 0x3F,
  0x8B, 0x31, 0xCE, 0x3F, 0x0C, 0x12, 0x00, 0x40, 0xDB, 0x2C, 0xCE, 0x3F, 0xE7, 0x2C, 0xCE, 0x3F,
  0x41, 0x2D, 0xCE, 0x3F, 0x6F, 0x2D, 0xCE, 0x3F, 0x93, 0x2D, 0xCE, 0x3F, 0xC7, 0x2D, 0xCE, 0x3F,
  0xAA, 0x50, 0x00, 0x00, 0xEB, 0xEB, 0x00, 0x00, 0x5C, 0x1C, 0x00, 0x40, 0x68, 0x1C, 0x00, 0x40,
  0x74, 0x1C, 0x00, 0x40, 0x18, 0x20, 0xC2, 0x00, 0x18, 0x20, 0x00, 0x60, 0xC6, 0x38, 0xCE, 0x3F,
  0x14, 0x28, 0xCE, 0x3F, 0x00, 0x50, 0x0C, 0x60, 0x68, 0x16, 0x00, 0x40, 0xFF, 0xFF, 0xFF, 0xBD,
  0xFF, 0xFF, 0xFF, 0xC3, 0x00, 0x14, 0x03, 0x18, 0x4C, 0x40, 0x0C, 0x60, 0x10, 0x28, 0xCE, 0x3F,
  0xA0, 0x40, 0x0C, 0x60, 0x78, 0x18, 0x00, 0x40, 0x90, 0x18, 0x00, 0x40, 0x6C, 0x18, 0x00, 0x40,
  0x84, 0x18, 0x00, 0x40, 0xC0, 0x84, 0x00, 0x60, 0xC4, 0x84, 0x00, 0x60, 0x60, 0x80, 0x00, 0x60,
  0xFF, 0xFF, 0x7F, 0xFF, 0xFF, 0xFF, 0xF1, 0xFF, 0xFF, 0x1F, 0xFF, 0xFF, 0xFF, 0xFF, 0xFE, 0xFF,
  0x74, 0x80, 0x00, 0x60, 0x1C, 0x80, 0x00, 0x60, 0x40, 0x13, 0x02, 0x00, 0x07, 0x0B, 0x01, 0x00,
  0x01, 0x00, 0x01, 0x00, 0x67, 0x66, 0x66, 0x66, 0x04, 0x29, 0xCE, 0x3F, 0x08, 0x29, 0xCE, 0x3F,
  0x00, 0xB4, 0xC4, 0x04, 0x04, 0x28, 0xCE, 0x3F, 0x00, 0x80, 0x00, 0x60, 0x0C, 0x28, 0xCE, 0x3F,
  0x40, 0xE0, 0x00, 0x60, 0x41, 0x37, 0xCE, 0x3F, 0xAF, 0x38, 0xCE, 0x3F, 0x90, 0x37, 0xCE, 0x3F,
  0x60, 0x5D, 0x00, 0x40, 0x78, 0x80, 0x00, 0x60, 0xFF, 0xFF, 0xBF, 0xFF, 0xFF, 0xFF, 0x7F, 0x80,
  0x00, 0x00, 0x0C, 0x60, 0x00, 0xF0, 0x01, 0x60, 0x36, 0x41, 0x00, 0x25, 0x90, 0x00, 0x2D, 0x0A,
  0x1D, 0xF0, 0x00, 0x00, 0x36, 0x81, 0x00, 0x60, 0xC0, 0x74, 0x72, 0x61, 0x04, 0x82, 0xA0, 0x20,
  0x62, 0x01, 0x40, 0x30, 0xA3, 0x20, 0xBD, 0x04, 0x20, 0xD0, 0x74, 0x50, 0x50, 0x74, 0xC7, 0xB8,
  0x0E, 0xD1, 0x09, 0xFF, 0xC1, 0x0A, 0xFF, 0xB2, 0xA3, 0x2B, 0xA1, 0x09, 0xFF, 0xE5, 0x7A, 0x01,
  0x67, 0xB8, 0x0C, 0xD1, 0x08, 0xFF, 0xC1, 0x05, 0xFF, 0xB2, 0xA3, 0x2C, 0x86, 0xFA, 0xFF, 0x00,
  0x71, 0x06, 0xFF, 0x0C, 0x09, 0xC0, 0x20, 0x00, 0x88, 0x27, 0xC0, 0x20, 0x00, 0x38, 0x67, 0xC0,
  0x20, 0x00, 0x48, 0x77, 0xC0, 0x20, 0x00, 0x28, 0x87, 0xC0, 0x20, 0x00, 0x99, 0x27, 0xC0, 0x20,
  0x00, 0x98, 0x27, 0x0C, 0x1E, 0xB0, 0xEE, 0x01, 0xE0, 0x99, 0x20, 0xC0, 0x20, 0x00, 0x99, 0x27,
  0xC0, 0x20, 0x00, 0x98, 0x67, 0x7C, 0xFE, 0x10, 0xEE, 0x01, 0xE0, 0x99, 0x20, 0xC0, 0x20, 0x00,
  0x99, 0x67, 0xC0, 0x20, 0x00, 0x98, 0x87, 0x7C, 0xDE, 0xC0, 0x20, 0x00, 0x99, 0x11, 0xC0, 0x20,
  0x00, 0x98, 0x11, 0x90, 0x90, 0xF5, 0x00, 0x99, 0x11, 0xD0, 0x99, 0x20, 0xC0, 0x20, 0x00, 0x99,
  0x11, 0xC0, 0x20, 0x00, 0x98, 0x11, 0x0C, 0x7D, 0xC0, 0x20, 0x00, 0x99, 0x87, 0xC0, 0x20, 0x00,
  0x98, 0x87, 0x40, 0xDD, 0x01, 0xC0, 0x20, 0x00, 0x99, 0x01, 0xC0, 0x20, 0x00, 0x98, 0x01, 0xC0,
  0x99, 0x11, 0x90, 0x94, 0x41, 0xD0, 0x99, 0x20, 0xC0, 0x20, 0x00, 0x99, 0x01, 0xC0, 0x20, 0x00,
  0x98, 0x01, 0xC0, 0x20, 0x00, 0x99, 0x87, 0x92, 0xCA, 0xE0, 0xC0, 0x20, 0x00, 0xD8, 0xF7, 0x90,
  0xF9, 0x40, 0x90, 0x95, 0x41, 0xE0, 0xDD, 0x10, 0x9A, 0x99, 0x90, 0x9D, 0x20, 0xC0, 0x20, 0x00,
  0x99, 0xF7, 0xC0, 0x20, 0x00, 0x98, 0x77, 0x0B, 0xDA, 0xA0, 0x99, 0x11, 0x60, 0xDD, 0x01, 0x90,
  0x96, 0x41, 0xD0, 0x99, 0x20, 0x0C, 0x1D, 0xC0, 0x20, 0x00, 0x99, 0x77, 0xA0, 0xDA, 0x83, 0xC0,
  0x20, 0x00, 0x98, 0x67, 0x20, 0xAD, 0x01, 0xD1, 0xD1, 0xFE, 0xD0, 0x99, 0x10, 0xA0, 0x99, 0x20,
  0xC0, 0x20, 0x00, 0x99, 0x67, 0xC0, 0x20, 0x00, 0xB9, 0x17, 0x16, 0xA6, 0x00, 0x91, 0xCC, 0xFE,
  0x98, 0x09, 0x92, 0x09, 0x19, 0x90, 0x55, 0x80, 0xC0, 0x20, 0x00, 0x98, 0x67, 0xB1, 0xC9, 0xFE,
  0x0C, 0x1A, 0x50, 0xA5, 0x83, 0x30, 0xAA, 0x01, 0xB0, 0x99, 0x10, 0xA0, 0x99, 0x20, 0xC0, 0x20,
  0x00, 0x99, 0x67, 0x9C, 0x65, 0xC0, 0x20, 0x00, 0x98, 0x77, 0x0B, 0x55, 0xA2, 0xAF, 0xC0, 0x50,
  0x50, 0x54, 0xA0, 0x99, 0x10, 0x50, 0x99, 0x20, 0xC0, 0x20, 0x00, 0x99, 0x77, 0xC0, 0x20, 0x00,
  0x98, 0x67, 0xB1, 0xBD, 0xFE, 0x0C, 0x1A, 0xC0, 0xAC, 0x83, 0x50, 0xAA, 0x01, 0xB0, 0x99, 0x10,
  0xA0, 0x99, 0x20, 0xC0, 0x20, 0x00, 0x99, 0x67, 0x0C, 0x0A, 0x8C, 0x3C, 0x0B, 0xAC, 0xA0, 0xA0,
  0x94, 0xC0, 0x20, 0x00, 0x98, 0x97, 0xB2, 0xAC, 0x00, 0xB0, 0x99, 0x10, 0xA0, 0x99, 0x20, 0xC0,
  0xC3, 0x41, 0xC0, 0x20, 0x00, 0x99, 0x97, 0x3B, 0x9C, 0x90, 0x92, 0x41, 0x66, 0x19, 0x1C, 0x0C,
  0x09, 0x99, 0x21, 0xB2, 0xC1, 0x10, 0xA2, 0xC1, 0x08, 0x82, 0x61, 0x05, 0x81, 0xAE, 0xFE, 0xE0,
  0x08, 0x00, 0x98, 0x21, 0x88, 0x51, 0xC0, 0x20, 0x00, 0x92, 0x67, 0x16, 0xC0, 0x20, 0x00, 0x98,
  0x67, 0xB1, 0xA6, 0xFE, 0x0C, 0x1A, 0x60, 0xA6, 0x83, 0x40, 0xAA, 0x01, 0xB0, 0x99, 0x10, 0xA0,
  0x99, 0x20, 0xC0, 0x20, 0x00, 0x99, 0x67, 0x0C, 0x0A, 0x8C, 0x36, 0x0B, 0xA6, 0xA0, 0xA0, 0x94,
  0xC0, 0x20, 0x00, 0x98, 0xA7, 0xB2, 0xAC, 0x00, 0xB0, 0x99, 0x10, 0xA0, 0x99, 0x20, 0xC0, 0x20,
  0x00, 0x99, 0xA7, 0xC0, 0x20, 0x00, 0x98, 0x07, 0x0C, 0x1A, 0xE0, 0xAA, 0x01, 0xA0, 0x99, 0x20,
  0xC0, 0x20, 0x00, 0x99, 0x07, 0xC0, 0x20, 0x00, 0x98, 0x07, 0x56, 0x79, 0xFF, 0xC0, 0x20, 0x00,
  0x89, 0x27, 0xC0, 0x20, 0x00, 0x39, 0x67, 0xC0, 0x20, 0x00, 0x49, 0x77, 0xC0, 0x20, 0x00, 0x29,
  0x87, 0x99, 0x31, 0x60, 0x83, 0x14, 0xB1, 0x8E, 0xFE, 0x60, 0xC3, 0x41, 0x8C, 0x98, 0xC0, 0x20,
  0x00, 0x82, 0x27, 0x16, 0x8B, 0xB1, 0x82, 0x61, 0x02, 0xCB, 0xA1, 0x81, 0x8A, 0xFE, 0xE0, 0x08,
  0x00, 0x28, 0x31, 0x26, 0xC6, 0x0D, 0x7C, 0xF8, 0x00, 0x16, 0x40, 0x00, 0x88, 0xA1, 0x20, 0x88,
  0x10, 0x20, 0x28, 0x30, 0x1D, 0xF0, 0x00, 0x00, 0x36, 0x61, 0x00, 0x50, 0x50, 0x74, 0x30, 0xF3,
  0x20, 0x52, 0x61, 0x00, 0x40, 0xE0, 0x74, 0xD2, 0xA0, 0x00, 0x0C, 0x0C, 0x0C, 0x0B, 0x20, 0xA0,
  0x74, 0x25, 0xD8, 0xFF, 0x2D, 0x0A, 0x1D, 0xF0, 0x36, 0x41, 0x00, 0x51, 0x75, 0xFE, 0xA8, 0x05,
  0x81, 0x7A, 0xFE, 0xE0, 0x08, 0x00, 0x88, 0x05, 0xA2, 0xA0, 0x61, 0x88, 0x08, 0xF0, 0xAA, 0x01,
  0x80, 0x90, 0x75, 0x00, 0x99, 0x11, 0xA0, 0xA9, 0xC0, 0xB0, 0xFA, 0x40, 0xB0, 0xB5, 0x41, 0x8C,
  0xFA, 0xC2, 0xA0, 0x9D, 0x00, 0xCC, 0x11, 0xC0, 0xC9, 0xC0, 0x0C, 0x1A, 0xC0, 0xAB, 0x93, 0x16,
  0xBA, 0x07, 0x0C, 0x8D, 0x0C, 0x0C, 0x0C, 0x0B, 0x0C, 0x5A, 0xE5, 0xF9, 0xFF, 0xA0, 0x70, 0xF4,
  0x82, 0xA0, 0xBC, 0x87, 0x07, 0x63, 0x82, 0xAF, 0x43, 0x80, 0x77, 0x10, 0x0C, 0x82, 0x0C, 0x04,
  0x0C, 0x03, 0xA8, 0x05, 0x81, 0x65, 0xFE, 0xE0, 0x08, 0x00, 0x0C, 0x0D, 0x0C, 0x0C, 0x0C, 0x0B,
  0x0C, 0x6A, 0x65, 0xF7, 0xFF, 0x0C, 0x0D, 0xCD, 0x02, 0xBD, 0x07, 0xA2, 0xA0, 0x01, 0xA5, 0xF6,
  0xFF, 0x47, 0x13, 0x1F, 0xA2, 0x25, 0x00, 0x81, 0x5C, 0xFE, 0xE0, 0x08, 0x00, 0xD2, 0xA0, 0x00,
  0x0C, 0x0C, 0x0C, 0x0B, 0x0C, 0x6A, 0x25, 0xF5, 0xFF, 0x0C, 0x0D, 0x0C, 0x8C, 0xBD, 0x04, 0x3C,
  0x1A, 0x65, 0xF4, 0xFF, 0xA2, 0x25, 0x00, 0x81, 0x54, 0xFE, 0xE0, 0x08, 0x00, 0xD2, 0xA0, 0x00,
  0xC2, 0xA0, 0x00, 0x0C, 0x0B, 0x0C, 0x4A, 0x25, 0xF3, 0xFF, 0x0C, 0x02, 0x1D, 0xF0, 0x1C, 0x9A,
  0xD0, 0xAA, 0x01, 0xA7, 0x99, 0x49, 0x80, 0x98, 0x74, 0x0C, 0x1A, 0x80, 0x99, 0x11, 0x20, 0xAA,
  0x11, 0xA7, 0x99, 0x3B, 0x80, 0x80, 0x74, 0x1C, 0x59, 0x87, 0xB9, 0x33, 0x0C, 0x8D, 0x0C, 0x0C,
  0x0C, 0x0B, 0x0C, 0x5A, 0x25, 0xF0, 0xFF, 0xA0, 0x60, 0xF4, 0x0C, 0x8D, 0x0C, 0x0C, 0x0C, 0x0B,
  0x3C, 0x5A, 0x65, 0xEF, 0xFF, 0xA0, 0x30, 0x74, 0x0C, 0x24, 0x40, 0x43, 0x10, 0x0C, 0x82, 0x0C,
  0x07, 0x77, 0x16, 0x02, 0x86, 0xD6, 0xFF, 0x47, 0x13, 0x02, 0x86, 0xDD, 0xFF, 0x46, 0xEA, 0xFF,
  0x0C, 0x8D, 0x0C, 0x0C, 0x0C, 0x0B, 0x0C, 0x5A, 0xE5, 0xEC, 0xFF, 0x7D, 0x0A, 0x0C, 0x8D, 0x0C,
  0x0C, 0x0C, 0x0B, 0x3C, 0x5A, 0x25, 0xEC, 0xFF, 0x80, 0x6A, 0x11, 0x70, 0x66, 0x20, 0x60, 0x60,
  0xF4, 0x72, 0xA2, 0x00, 0x70, 0x76, 0x10, 0x1C, 0x02, 0x0C, 0x04, 0x0C, 0x03, 0x06, 0xF0, 0xFF,
  0x36, 0x61, 0x00, 0x20, 0xC2, 0x20, 0xB6, 0x53, 0x0E, 0xD1, 0x2C, 0xFE, 0xC1, 0x2D, 0xFE, 0xA1,
  0x20, 0xFE, 0xB2, 0xA3, 0x67, 0x65, 0x40, 0x01, 0xD0, 0x33, 0x11, 0x30, 0x30, 0x74, 0x32, 0x61,
  0x00, 0x0C, 0x0F, 0x0C, 0x0E, 0x0C, 0x8D, 0x1C, 0x8B, 0x5C, 0xAA, 0xA5, 0xC1, 0xFF, 0x2D, 0x0A,
  0x1D, 0xF0, 0x00, 0x00, 0x36, 0x41, 0x00, 0x1C, 0x8D, 0x0C, 0x0C, 0xB2, 0xA0, 0x00, 0xA2, 0xA0,
  0x9F, 0x65, 0xE6, 0xFF, 0x81, 0x20, 0xFE, 0xE0, 0x08, 0x00, 0x00, 0x48, 0x40, 0xA0, 0x2A, 0x81,
  0x80, 0x22, 0x11, 0x20, 0x28, 0x41, 0x1D, 0xF0, 0x36, 0x41, 0x00, 0x71, 0x11, 0xFE, 0x82, 0x27,
  0x00, 0xA2, 0x28, 0x00, 0x65, 0x57, 0x00, 0x16, 0x3A, 0x00, 0x0C, 0x02, 0x1D, 0xF0, 0x0C, 0x1B,
  0xA2, 0xA0, 0x10, 0xE5, 0xF8, 0xFF, 0xA0, 0xA0, 0x74, 0x66, 0xCA, 0xED, 0x0C, 0x0D, 0x0C, 0x0C,
  0x0C, 0x0B, 0xA2, 0xA0, 0xB9, 0x25, 0xE2, 0xFF, 0x0C, 0x0D, 0x0C, 0x0C, 0x0C, 0x0B, 0xA2, 0xA0,
  0x79, 0x65, 0xE1, 0xFF, 0x0C, 0x0D, 0x0C, 0x0C, 0x0C, 0x0B, 0xA2, 0xA0, 0xFF, 0xA5, 0xE0, 0xFF,
  0xA2, 0xA7, 0xD0, 0x81, 0x0B, 0xFE, 0xE0, 0x08, 0x00, 0x0C, 0x0D, 0x0C, 0x0C, 0x0C, 0x0B, 0xA2,
  0xA0, 0xAB, 0x65, 0xDF, 0xFF, 0x1C, 0x4A, 0x81, 0x06, 0xFE, 0xE0, 0x08, 0x00, 0x28, 0x07, 0x65,
  0xF7, 0xFF, 0x88, 0x07, 0xA9, 0x02, 0xA8, 0x08, 0x25, 0x51, 0x00, 0x56, 0xBA, 0xF9, 0xA5, 0x55,
  0x00, 0xBD, 0x0A, 0xC1, 0xFD, 0xFD, 0xA1, 0xFD, 0xFD, 0x7C, 0xF2, 0x81, 0xFE, 0xFD, 0xE0, 0x08,
  0x00, 0xC6, 0xE1, 0xFF, 0x36, 0x41, 0x00, 0x81, 0xFC, 0xFD, 0xC0, 0x20, 0x00, 0x28, 0xF8, 0x20,
  0x29, 0x04, 0x1D, 0xF0, 0x36, 0x41, 0x00, 0xE5, 0xFE, 0xFF, 0x91, 0xF8, 0xFD, 0x81, 0xF8, 0xFD,
  0x16, 0x8A, 0x05, 0xC0, 0x20, 0x00, 0xA2, 0x29, 0x00, 0xB2, 0xA0, 0xC0, 0xB0, 0xAA, 0x20, 0xC0,
  0x20, 0x00, 0xA2, 0x69, 0x00, 0xC0, 0x20, 0x00, 0x92, 0x28, 0x00, 0xA2, 0xAC, 0x1F, 0xA0, 0x99,
  0x10, 0xA2, 0xA0, 0x60, 0xA0, 0x99, 0x20, 0xC0, 0x20, 0x00, 0x99, 0x08, 0xC0, 0x20, 0x00, 0x98,
  0x08, 0x6C, 0x0A, 0xA0, 0x99, 0x10, 0x0C, 0x3A, 0xA0, 0x99, 0x20, 0xC0, 0x20, 0x00, 0x99, 0x08,
  0xC0, 0x20, 0x00, 0x98, 0x08, 0xA1, 0xE7, 0xFD, 0xA0, 0x99, 0x10, 0x0C, 0x1A, 0x60, 0xAA, 0x01,
  0xA0, 0x99, 0x20, 0xC0, 0x20, 0x00, 0x99, 0x08, 0x1D, 0xF0, 0x00, 0x00, 0xC0, 0x20, 0x00, 0xA8,
  0x08, 0xB2, 0xAC, 0x1F, 0xB0, 0xAA, 0x10, 0xC0, 0x20, 0x00, 0xA9, 0x08, 0xC0, 0x20, 0x00, 0xA8,
  0x08, 0x6C, 0x0B, 0xB0, 0xAA, 0x10, 0xC0, 0x20, 0x00, 0xA9, 0x08, 0xC0, 0x20, 0x00, 0x88, 0x09,
  0xA2, 0xA0, 0xC0, 0xA0, 0x88, 0x20, 0xC0, 0x20, 0x00, 0x89, 0x09, 0x46, 0xF2, 0xFF, 0x00, 0x00,
  0x36, 0x41, 0x00, 0x91, 0xD5, 0xFD, 0xA1, 0xD5, 0xFD, 0xC0, 0x20, 0x00, 0x88, 0x09, 0xA0, 0x88,
  0x20, 0xC0, 0x20, 0x00, 0x89, 0x09, 0x91, 0xD2, 0xFD, 0xC0, 0x20, 0x00, 0x88, 0x09, 0xA0, 0x88,
  0x20, 0xC0, 0x20, 0x00, 0x89, 0x09, 0x1D, 0xF0, 0x36, 0x41, 0x00, 0x81, 0xCE, 0xFD, 0xE0, 0x08,
  0x00, 0x7D, 0x0A, 0x81, 0xCD, 0xFD, 0xE0, 0x08, 0x00, 0x16, 0x97, 0x05, 0xA0, 0x60, 0x74, 0x70,
  0x36, 0x54, 0x70, 0xA0, 0x54, 0x70, 0x4C, 0x54, 0x70, 0x52, 0x55, 0x70, 0x78, 0x55, 0xBD, 0x02,
  0x81, 0xC7, 0xFD, 0xE0, 0x08, 0x00, 0x20, 0xB2, 0x20, 0x30, 0xA3, 0x20, 0x81, 0xC4, 0xFD, 0xE0,
  0x08, 0x00, 0xBD, 0x02, 0xAD, 0x04, 0x81, 0xC1, 0xFD, 0xE0, 0x08, 0x00, 0xBD, 0x02, 0xAD, 0x05,
  0x81, 0xBF, 0xFD, 0xE0, 0x08, 0x00, 0x3C, 0x08, 0x77, 0x38, 0x09, 0xBD, 0x02, 0xAD, 0x07, 0x81,
  0xBB, 0xFD, 0xE0, 0x08, 0x00, 0x3C, 0x08, 0x67, 0x38, 0x09, 0xBD, 0x02, 0xAD, 0x06, 0x81, 0xB7,
  0xFD, 0xE0, 0x08, 0x00, 0x1D, 0xF0, 0x1C, 0xC6, 0x1C, 0xB7, 0x1C, 0xD5, 0x2C, 0x04, 0x1C, 0xF3,
  0x1C, 0xEA, 0x06, 0xEA, 0xFF, 0x00, 0x00, 0x00, 0x36, 0x41, 0x00, 0xD2, 0xA0, 0x08, 0xC2, 0xA0,
  0x00, 0xB2, 0xA0, 0x00, 0x0C, 0x5A, 0x25, 0xC6, 0xFF, 0x2D, 0x0A, 0x1D, 0xF0, 0x00, 0x00, 0x00,
  0x36, 0x41, 0x00, 0xD2, 0xA0, 0x08, 0xC2, 0xA0, 0x00, 0xB2, 0xA0, 0x00, 0x3C, 0x5A, 0xA5, 0xC4,
  0xFF, 0x2D, 0x0A, 0x1D, 0xF0, 0x00, 0x00, 0x00, 0x36, 0x41, 0x00, 0xD2, 0xA0, 0x08, 0xC2, 0xA0,
  0x00, 0x0C, 0x0B, 0x0C, 0x5A, 0x25, 0xC3, 0xFF, 0x2D, 0x0A, 0x0C, 0x8D, 0x0C, 0x0C, 0x0C, 0x0B,
  0x3C, 0x5A, 0x65, 0xC2, 0xFF, 0x80, 0xAA, 0x11, 0x20, 0x2A, 0x20, 0x1D, 0xF0, 0x00, 0x00, 0x00,
  0x36, 0x41, 0x00, 0x20, 0xB2, 0x20, 0xD2, 0xA0, 0x00, 0xC2, 0xA0, 0x08, 0x0C, 0x1A, 0xA5, 0xC0,
  0xFF, 0x1D, 0xF0, 0x00, 0x36, 0x41, 0x00, 0x20, 0xB2, 0x20, 0xD2, 0xA0, 0x00, 0xC2, 0xA0, 0x08,
  0x3C, 0x1A, 0x65, 0xBF, 0xFF, 0x1D, 0xF0, 0x00, 0x36, 0x41, 0x00, 0x20, 0xB2, 0x20, 0xD2, 0xA0,
  0x00, 0xC2, 0xA0, 0x10, 0x0C, 0x1A, 0x25, 0xBE, 0xFF, 0x1D, 0xF0, 0x00, 0x36, 0x41, 0x00, 0xD2,
  0xA0, 0x00, 0x0C, 0x0C, 0x0C, 0x0B, 0x3C, 0xAA, 0xE5, 0xBC, 0xFF, 0x81, 0x71, 0xFD, 0xA8, 0x08,
  0x81, 0x76, 0xFD, 0xE0, 0x08, 0x00, 0x0C, 0x8D, 0x0C, 0x0C, 0x0C, 0x0B, 0x0C, 0x5A, 0xA5, 0xBB,
  0xFF, 0x2D, 0x0A, 0x0C, 0x0D, 0x0C, 0x0C, 0x0C, 0x0B, 0x0C, 0x4A, 0xE5, 0xBA, 0xFF, 0x1D, 0xF0,
  0x36, 0x41, 0x00, 0xD2, 0xA0, 0x00, 0x0C, 0x0C, 0x0C, 0x0B, 0x3C, 0xAA, 0xA5, 0xB9, 0xFF, 0x71,
  0x64, 0xFD, 0xA8, 0x07, 0x81, 0x69, 0xFD, 0xE0, 0x08, 0x00, 0xBD, 0x02, 0x0C, 0x0D, 0x0C, 0x8C,
  0x0C, 0x1A, 0x65, 0xB8, 0xFF, 0xA8, 0x07, 0x81, 0x64, 0xFD, 0xE0, 0x08, 0x00, 0x0C, 0x0D, 0x0C,
  0x0C, 0x0C, 0x0B, 0x0C, 0x4A, 0x25, 0xB7, 0xFF, 0x1D, 0xF0, 0x00, 0x00, 0x36, 0x41, 0x00, 0x81,
  0x70, 0xFD, 0x2C, 0x82, 0xC0, 0x20, 0x00, 0x88, 0x08, 0x80, 0xA0, 0xF4, 0x80, 0x90, 0xF5, 0x97,
  0x9A, 0x11, 0x0B, 0x98, 0x7C, 0xDA, 0x97, 0x3A, 0x0A, 0x80, 0x21, 0xE4, 0x2A, 0x22, 0x82, 0xA0,
  0x28, 0x20, 0x28, 0x83, 0x1D, 0xF0, 0x00, 0x00, 0x36, 0x41, 0x00, 0x81, 0x66, 0xFD, 0xC0, 0x20,
  0x00, 0x68, 0x08, 0x60, 0x6A, 0x14, 0x26, 0x16, 0x22, 0x26, 0x26, 0x62, 0x56, 0xC6, 0x05, 0xC0,
  0x20, 0x00, 0x72, 0x28, 0x00, 0x65, 0xFB, 0xFF, 0x70, 0x70, 0x94, 0x1B, 0x77, 0x70, 0x8A, 0xC2,
  0x69, 0x02, 0xA9, 0x12, 0x79, 0x22, 0x89, 0x32, 0x1D, 0xF0, 0x00, 0x00, 0xA1, 0x5B, 0xFD, 0x82,
  0xA0, 0xA0, 0xC0, 0x20, 0x00, 0x98, 0x0A, 0x90, 0x90, 0x14, 0x26, 0x19, 0x0E, 0x82, 0xA0, 0xF0,
  0x26, 0x29, 0x08, 0x82, 0xA0, 0x50, 0xB2, 0xA0, 0x00, 0x90, 0x8B, 0x93, 0xC0, 0x20, 0x00, 0x98,
  0x0A, 0x27, 0x69, 0x2F, 0x5C, 0x09, 0x97, 0x98, 0x3A, 0x0C, 0x67, 0xA2, 0xA1, 0xE0, 0x86, 0xEF,
  0xFF, 0x92, 0xA0, 0xF0, 0x0C, 0x27, 0xA2, 0xA1, 0xE0, 0x97, 0x18, 0xB3, 0x65, 0x05, 0x01, 0x82,
  0xA0, 0x14, 0x72, 0xA0, 0x01, 0xA2, 0xA0, 0x14, 0x06, 0xE9, 0xFF, 0x00, 0x0C, 0x47, 0xA2, 0xA1,
  0x40, 0xC6, 0xE6, 0xFF, 0x5C, 0x09, 0x97, 0x18, 0xF2, 0x92, 0xA0, 0xA0, 0x0C, 0x27, 0xA2, 0xA1,
  0x40, 0x06, 0xF5, 0xFF, 0x92, 0xA0, 0xA0, 0x97, 0x98, 0xC6, 0x0C, 0x37, 0xC6, 0xEE, 0xFF, 0x00,
  0x36, 0x41, 0x00, 0x81, 0x3E, 0xFD, 0x29, 0x08, 0x1D, 0xF0, 0x00, 0x00, 0x36, 0x61, 0x00, 0xAD,
  0x01, 0x65, 0xF4, 0xFF, 0xAD, 0x02, 0x81, 0x3E, 0xFD, 0xE0, 0x08, 0x00, 0x81, 0x36, 0xFD, 0xA2,
  0xAC, 0x00, 0xC0, 0x20, 0x00, 0x98, 0x08, 0xA0, 0x99, 0x10, 0xC0, 0x20, 0x00, 0x99, 0x08, 0xCC,
  0x13, 0x25, 0xFF, 0x00, 0xC0, 0x20, 0x00, 0x92, 0x28, 0x00, 0x32, 0xC3, 0xFF, 0xA0, 0x99, 0x10,
  0x30, 0x30, 0x94, 0x90, 0x33, 0x20, 0xC0, 0x20, 0x00, 0x32, 0x68, 0x00, 0xC0, 0x20, 0x00, 0x98,
  0x08, 0x7C, 0xFA, 0xA2, 0xDA, 0xF4, 0xA0, 0x99, 0x10, 0xA2, 0xA3, 0xE8, 0xA0, 0xAA, 0x82, 0xC0,
  0x20, 0x00, 0x99, 0x08, 0xA0, 0xA2, 0x82, 0xA5, 0xF9, 0xFF, 0x98, 0x31, 0x82, 0xA0, 0xF0, 0x87,
  0x99, 0x35, 0x81, 0x23, 0xFD, 0x0C, 0x0E, 0xF2, 0x08, 0x00, 0x0C, 0x4D, 0x0C, 0x4C, 0x0C, 0x1B,
  0xA2, 0xA0, 0x6D, 0x81, 0x24, 0xFD, 0xE0, 0x08, 0x00, 0x81, 0x1E, 0xFD, 0xA2, 0xA0, 0x6D, 0xF2,
  0x08, 0x00, 0x0C, 0x0E, 0x0C, 0x4D, 0x0C, 0x6C, 0x0C, 0x1B, 0x81, 0x1E, 0xFD, 0xE0, 0x08, 0x00,
  0x2C, 0x8A, 0x81, 0x07, 0xFD, 0xE0, 0x08, 0x00, 0x91, 0x18, 0xFD, 0xA1, 0x18, 0xFD, 0xC0, 0x20,
  0x00, 0x88, 0x09, 0xA0, 0x88, 0x10, 0x0C, 0x7A, 0x30, 0xAA, 0x11, 0xA0, 0x88, 0x20, 0xC0, 0x20,
  0x00, 0x89, 0x09, 0x1D, 0xF0, 0x00, 0x00, 0x00, 0x36, 0x41, 0x00, 0x25, 0x08, 0x00, 0xA0, 0x7A,
  0x20, 0x70, 0x77, 0xA0, 0xA5, 0x0B, 0x00, 0x70, 0x77, 0xA0, 0xA0, 0x27, 0xA0, 0x90, 0x00, 0x00,
  0x36, 0x41, 0x00, 0x91, 0xF9, 0xFC, 0xC0, 0x20, 0x00, 0x82, 0x29, 0x1B, 0xC0, 0x20, 0x00, 0x22,
  0x29, 0x14, 0x80, 0x80, 0x14, 0x80, 0x88, 0xA0, 0x80, 0x88, 0xA0, 0x20, 0x28, 0x25, 0x20, 0x28,
  0xA0, 0x1D, 0xF0, 0x00, 0x36, 0x41, 0x00, 0x81, 0xF0, 0xFC, 0xC0, 0x20, 0x00, 0x22, 0x28, 0x10,
  0x20, 0x20, 0x04, 0x1D, 0xF0, 0x00, 0x00, 0x00, 0x36, 0x41, 0x00, 0x81, 0xEB, 0xFC, 0xC0, 0x20,
  0x00, 0x22, 0x28, 0x10, 0x20, 0x21, 0x04, 0x1D, 0xF0, 0x00, 0x00, 0x00, 0x36, 0x41, 0x00, 0x81,
  0xE6, 0xFC, 0x0C, 0x02, 0xC0, 0x20, 0x00, 0x88, 0xD8, 0x80, 0x82, 0x25, 0xCC, 0x08, 0x1D, 0xF0,
  0x80, 0x90, 0x04, 0x90, 0x22, 0x30, 0x80, 0x81, 0x41, 0xC6, 0xFB, 0xFF, 0x36, 0x41, 0x00, 0x81,
  0xDE, 0xFC, 0xC0, 0x20, 0x00, 0x92, 0x28, 0x16, 0xC0, 0x20, 0x00, 0x92, 0x28, 0x14, 0x90, 0x92,
  0x25, 0x56, 0xB9, 0x00, 0xC0, 0x20, 0x00, 0x92, 0x28, 0x1B, 0x90, 0x90, 0x14, 0x26, 0x19, 0x0B,
  0xC0, 0x20, 0x00, 0x22, 0x28, 0x16, 0x20, 0x28, 0x15, 0x1D, 0xF0, 0x00, 0xC0, 0x20, 0x00, 0x92,
  0x28, 0x14, 0x90, 0x98, 0x25, 0x66, 0x19, 0xE7, 0x0C, 0x02, 0xC6, 0xFA, 0xFF, 0x00, 0x00, 0x00,
  0x36, 0x41, 0x00, 0x81, 0xCD, 0xFC, 0xC0, 0x20, 0x00, 0x22, 0x28, 0x16, 0xC0, 0x20, 0x00, 0x92,
  0x28, 0x14, 0x20, 0x27, 0x05, 0x90, 0x92, 0x25, 0x90, 0x22, 0xB0, 0xDC, 0x99, 0xC0, 0x20, 0x00,
  0x92, 0x28, 0x1B, 0x90, 0x90, 0x14, 0x66, 0x19, 0x0E, 0xC0, 0x20, 0x00, 0x82, 0x28, 0x14, 0x80,
  0x88, 0x25, 0x66, 0x18, 0x02, 0x22, 0xA0, 0x00, 0x1D, 0xF0, 0x00, 0x00, 0x36, 0x41, 0x00, 0x20,
  0x90, 0x75, 0x0C, 0x1A, 0x00, 0x99, 0x11, 0xB0, 0xAA, 0x01, 0x8D, 0x02, 0x0C, 0x02, 0xA7, 0x99,
  0x18, 0x80, 0x98, 0x74, 0x80, 0x80, 0x74, 0x66, 0xD9, 0x11, 0x82, 0xC8, 0xED, 0x0C, 0xD2, 0x80,
  0x22, 0x62, 0x0B, 0x22, 0x20, 0x20, 0x60, 0x20, 0x20, 0x74, 0x1D, 0xF0, 0x4C, 0x1A, 0xA7, 0x99,
  0x07, 0x82, 0xC8, 0xE9, 0x0C, 0x92, 0x46, 0xF9, 0xFF, 0x5C, 0x0A, 0xA7, 0x99, 0xEB, 0x82, 0xC8,
  0xEB, 0x0C, 0x12, 0x06, 0xF6, 0xFF, 0x00, 0x00, 0x36, 0x41, 0x00, 0x20, 0xEA, 0x03, 0x81, 0xBE,
  0xFC, 0xE0, 0x08, 0x00, 0xB0, 0x8A, 0x11, 0xA0, 0x88, 0xC0, 0xA0, 0x88, 0xA0, 0xD0, 0x88, 0x11,
  0x80, 0x22, 0xC2, 0x1D, 0xF0, 0x00, 0x00, 0x00, 0x36, 0x41, 0x00, 0x71, 0xB8, 0xFC, 0x0C, 0xCC,
  0xBD, 0x07, 0x7C, 0xFA, 0x81, 0xB7, 0xFC, 0xE0, 0x08, 0x00, 0x98, 0x37, 0x0C, 0x08, 0x1B, 0xB9,
  0x90, 0xAA, 0xC0, 0x0C, 0x12, 0x0C, 0x19, 0xB0, 0x28, 0x83, 0xA0, 0x89, 0x83, 0x80, 0x22, 0x10,
  0x1D, 0xF0, 0x00, 0x00, 0x36, 0x41, 0x00, 0x71, 0xAD, 0xFC, 0x0C, 0xCC, 0xBD, 0x07, 0x7C, 0xFA,
  0x81, 0xAC, 0xFC, 0xE0, 0x08, 0x00, 0xA9, 0x37, 0x1D, 0xF0, 0x00, 0x00, 0x36, 0x61, 0x00, 0x30,
  0x30, 0x74, 0x16, 0xF2, 0x04, 0x25, 0xE4, 0xFF, 0x62, 0x02, 0x10, 0x82, 0x02, 0x0F, 0x80, 0x66,
  0x11, 0x80, 0x66, 0x20, 0xA0, 0x7A, 0x20, 0x67, 0xBA, 0x3F, 0xE5, 0xF7, 0xFF, 0xD1, 0xA1, 0xFC,
  0xA0, 0xBA, 0x20, 0xD0, 0xF7, 0xA2, 0xD0, 0xD6, 0xA2, 0xF0, 0xF5, 0x41, 0xD0, 0xD5, 0x41, 0xF0,
  0x8F, 0xA0, 0xD0, 0xED, 0xA0, 0x80, 0x88, 0xA0, 0xE0, 0xEE, 0xA0, 0xE0, 0x88, 0x11, 0xE0, 0xEE,
  0x11, 0x80, 0x87, 0xC0, 0xC1, 0x99, 0xFC, 0xA1, 0x99, 0xFC, 0x89, 0x01, 0xE0, 0xE6, 0xC0, 0x81,
  0x7D, 0xFC, 0xE0, 0x08, 0x00, 0x0C, 0x02, 0x1D, 0xF0, 0x00, 0xCC, 0x33, 0x0C, 0x12, 0x46, 0xFD,
  0xFF, 0x62, 0x02, 0x12, 0x82, 0x02, 0x11, 0x80, 0x66, 0x11, 0x80, 0x66, 0x20, 0x92, 0xC6, 0xFF,
  0x81, 0x90, 0xFC, 0x90, 0x90, 0xF4, 0x90, 0x88, 0x62, 0x82, 0xC8, 0xFF, 0x80, 0x80, 0x60, 0x80,
  0x80, 0x74, 0x16, 0x68, 0xFD, 0xA7, 0xB6, 0xD3, 0xA5, 0xDF, 0xFF, 0x56, 0xDA, 0xFC, 0xA5, 0xF0,
  0xFF, 0xD1, 0x84, 0xFC, 0xBD, 0x0A, 0xD0, 0xF7, 0xA2, 0xD0, 0xD6, 0xA2, 0xF0, 0xF5, 0x41, 0xD0,
  0xD5, 0x41, 0xF0, 0x8F, 0xA0, 0xD0, 0xED, 0xA0, 0x80, 0x88, 0xA0, 0xE0, 0xEE, 0xA0, 0xE0, 0x88,
  0x11, 0xE0, 0xEE, 0x11, 0x80, 0x77, 0xC0, 0xC1, 0x7C, 0xFC, 0xA1, 0x7E, 0xFC, 0x79, 0x01, 0xE0,
  0xE6, 0xC0, 0x46, 0xE2, 0xFF, 0x00, 0x00, 0x00, 0x36, 0x41, 0x00, 0xBD, 0x02, 0x0C, 0x4C, 0xA2,
  0xAF, 0xFF, 0x81, 0x73, 0xFC, 0xE0, 0x08, 0x00, 0x2D, 0x0A, 0x1D, 0xF0, 0x36, 0x41, 0x00, 0x20,
  0xA2, 0x20, 0x25, 0x1A, 0x00, 0x20, 0x62, 0x20, 0x22, 0xA0, 0x00, 0xCC, 0xEA, 0x28, 0x76, 0xAD,
  0x06, 0x65, 0xFD, 0xFF, 0xA0, 0x22, 0xC0, 0x20, 0xF2, 0x40, 0x20, 0x25, 0x41, 0x1D, 0xF0, 0x00,
  0x36, 0x81, 0x00, 0xE5, 0xD5, 0xFF, 0x71, 0x67, 0xFC, 0x81, 0x6B, 0xFC, 0x70, 0x5A, 0xA2, 0xA0,
  0x4A, 0x20, 0x50, 0x55, 0x41, 0x50, 0x65, 0xA0, 0x60, 0x66, 0xA0, 0xE0, 0x66, 0x11, 0x60, 0x6A,
  0xC0, 0x87, 0x92, 0x02, 0x86, 0x1F, 0x00, 0x27, 0x3A, 0x02, 0x06, 0x1E, 0x00, 0xA5, 0xE6, 0xFF,
  0x70, 0xD2, 0xA2, 0xBD, 0x0A, 0xD0, 0xD5, 0x41, 0xD0, 0x8D, 0xA0, 0x80, 0x88, 0xA0, 0xE0, 0x88,
  0x11, 0xC1, 0x59, 0xFC, 0xA1, 0x5E, 0xFC, 0x69, 0x01, 0xFD, 0x05, 0x80, 0xE2, 0xC0, 0x81, 0x3D,
  0xFC, 0xE0, 0x08, 0x00, 0x7C, 0xF9, 0x81, 0x58, 0xFC, 0x0C, 0x0A, 0x80, 0x83, 0xC0, 0x0C, 0x1B,
  0x80, 0xBA, 0x83, 0x82, 0xA0, 0x01, 0x30, 0x8A, 0x83, 0x87, 0x0B, 0x35, 0x47, 0xB3, 0x32, 0x92,
  0x61, 0x04, 0x65, 0xD2, 0xFF, 0x98, 0x41, 0xEC, 0x7A, 0xE5, 0xE1, 0xFF, 0x70, 0xD3, 0xA2, 0xBD,
  0x0A, 0xD0, 0xD5, 0x41, 0xD0, 0xED, 0xA0, 0xE0, 0xEE, 0xA0, 0xC1, 0x47, 0xFC, 0xA1, 0x4C, 0xFC,
  0xE0, 0xEE, 0x11, 0x69, 0x01, 0xFD, 0x05, 0xE0, 0xE3, 0xC0, 0x81, 0x2A, 0xFC, 0xE0, 0x08, 0x00,
  0x7C, 0xF9, 0x2D, 0x09, 0x1D, 0xF0, 0x0C, 0x09, 0x86, 0xEA, 0xFF, 0x00, 0x36, 0x41, 0x00, 0x82,
  0x02, 0x0D, 0x92, 0x02, 0x0C, 0x80, 0x88, 0x11, 0x90, 0x88, 0x20, 0x92, 0xA0, 0x09, 0x20, 0x72,
  0x20, 0x97, 0x18, 0x23, 0x25, 0xDD, 0xFF, 0x82, 0x02, 0x0D, 0xE2, 0x02, 0x0C, 0x80, 0x88, 0x11,
  0xA0, 0xBA, 0x20, 0xC1, 0x35, 0xFC, 0xA1, 0x3B, 0xFC, 0xE0, 0xE8, 0x20, 0x0C, 0x9D, 0x81, 0x19,
  0xFC, 0xE0, 0x08, 0x00, 0x7C, 0xF2, 0x1D, 0xF0, 0x0C, 0x1B, 0x26, 0x13, 0x06, 0x0C, 0x02, 0x56,
  0x33, 0xFF, 0x0C, 0x0B, 0xAD, 0x07, 0x65, 0xE0, 0xFF, 0x0B, 0x2A, 0xC6, 0xF9, 0xFF, 0x00, 0x00,
  0x36, 0x61, 0x00, 0x20, 0x72, 0x20, 0x7C, 0xF2, 0x9C, 0xA7, 0xAD, 0x07, 0xE5, 0xEC, 0xFF, 0xA2,
  0x41, 0x00, 0xA2, 0xC7, 0x20, 0x65, 0xEC, 0xFF, 0xA2, 0x41, 0x01, 0x0C, 0x1C, 0xBD, 0x01, 0xAD,
  0x07, 0x25, 0x08, 0x00, 0x2D, 0x0A, 0x1D, 0xF0, 0x36, 0x41, 0x00, 0xA1, 0x1C, 0xFC, 0x1C, 0x0C,
  0x0C, 0x0B, 0x81, 0x25, 0xFC, 0xE0, 0x08, 0x00, 0x1D, 0xF0, 0x00, 0x00, 0x36, 0x41, 0x00, 0xA5,
  0xD7, 0xFF, 0x21, 0x16, 0xFC, 0x0C, 0x08, 0xA0, 0x28, 0x83, 0x1D, 0xF0, 0x36, 0x41, 0x00, 0x30,
  0x30, 0x74, 0x16, 0x83, 0x01, 0x25, 0xD6, 0xFF, 0x56, 0x2A, 0x00, 0xE5, 0xFC, 0xFF, 0x91, 0x0F,
  0xFC, 0x82, 0x19, 0x04, 0x1B, 0x88, 0x80, 0x80, 0xF4, 0x8C, 0x18, 0x82, 0x59, 0x04, 0x8C, 0xA2,
  0x98, 0x02, 0x81, 0x0A, 0xFC, 0x99, 0x08, 0x92, 0x22, 0x01, 0x99, 0x18, 0x65, 0xD6, 0xFF, 0x1D,
  0xF0, 0x00, 0x00, 0x00, 0x36, 0x41, 0x00, 0x98, 0x02, 0x8D, 0x02, 0x0C, 0x12, 0x26, 0x09, 0x0F,
  0x88, 0x68, 0x82, 0xC8, 0xFD, 0x80, 0x22, 0x62, 0x0B, 0x22, 0x20, 0x20, 0x60, 0x20, 0x20, 0x74,
  0x1D, 0xF0, 0x00, 0x00, 0x36, 0x41, 0x00, 0xA0, 0xF2, 0x40, 0x9D, 0x02, 0x40, 0x40, 0x74, 0x0C,
  0x18, 0xA0, 0xA5, 0x41, 0xAC, 0xE2, 0x30, 0xA8, 0x83, 0xEC, 0x9A, 0xA2, 0x03, 0x01, 0x7C, 0xFC,
  0xB2, 0x03, 0x00, 0xA0, 0xC8, 0x93, 0x2D, 0x0C, 0x9C, 0x8B, 0x0C, 0x02, 0x9C, 0x4A, 0xA8, 0x89,
  0x92, 0x29, 0x00, 0x90, 0x8A, 0x63, 0x16, 0x24, 0x00, 0x90, 0x8A, 0x73, 0x90, 0x88, 0xC0, 0x0C,
  0x12, 0x80, 0x28, 0x83, 0x1D, 0xF0, 0x7C, 0xF2, 0x06, 0xFE, 0xFF, 0x00, 0x36, 0x61, 0x00, 0x61,
  0xF7, 0xFB, 0x82, 0x06, 0x00, 0x16, 0x38, 0x01, 0xE5, 0xC9, 0xFF, 0xBD, 0x0A, 0xC1, 0xCE, 0xFB,
  0xA1, 0xF4, 0xFB, 0x81, 0xD0, 0xFB, 0xE0, 0x08, 0x00, 0x46, 0x07, 0x00, 0x92, 0xA0, 0x01, 0x70,
  0x99, 0x01, 0x37, 0xB9, 0x1B, 0x25, 0xC8, 0xFF, 0xA0, 0xBA, 0x20, 0xC1, 0xC7, 0xFB, 0xA1, 0xED,
  0xFB, 0x30, 0xD3, 0x20, 0x81, 0xC8, 0xFB, 0xE0, 0x08, 0x00, 0x0C, 0x02, 0x1D, 0xF0, 0x00, 0x00,
  0x00, 0x20, 0x70, 0xF5, 0x20, 0x20, 0xF4, 0x30, 0x32, 0x80, 0x7C, 0xF9, 0x89, 0x01, 0x90, 0x97,
  0x41, 0x0B, 0x83, 0x00, 0x77, 0x11, 0x87, 0x39, 0x2E, 0x0C, 0x2B, 0x0C, 0x1A, 0x0C, 0xF5, 0xA5,
  0x7E, 0x01, 0x60, 0x55, 0x01, 0xFD, 0x01, 0xED, 0x03, 0xDD, 0x07, 0xCD, 0x05, 0x0C, 0x1B, 0xA2,
  0xA0, 0x00, 0x65, 0x69, 0x01, 0x0C, 0x2B, 0x0C, 0x1A, 0x65, 0x7F, 0x01, 0x0C, 0x18, 0x82, 0x46,
  0x00, 0x5A, 0x22, 0x46, 0xED, 0xFF, 0x00, 0x00, 0xE5, 0xC1, 0xFF, 0xBD, 0x0A, 0xC1, 0xAE, 0xFB,
  0xA1, 0xD6, 0xFB, 0x06, 0xDF, 0xFF, 0x00, 0x00, 0x36, 0x41, 0x00, 0x71, 0xD0, 0xFB, 0x82, 0x07,
  0x00, 0x16, 0xF8, 0x00, 0xB2, 0xA0, 0x02, 0x0C, 0x1A, 0xE5, 0x79, 0x01, 0x65, 0x5D, 0x01, 0x0C,
  0x08, 0x82, 0x47, 0x00, 0x1D, 0xF0, 0x00, 0x00, 0x36, 0x81, 0x00, 0x7D, 0x02, 0x40, 0x22, 0x20,
  0x20, 0x23, 0x20, 0x20, 0x20, 0x14, 0x50, 0x50, 0x74, 0x9C, 0x92, 0xE5, 0xBD, 0xFF, 0xBD, 0x0A,
  0xC1, 0x9E, 0xFB, 0xA1, 0xC6, 0xFB, 0xFD, 0x03, 0xED, 0x04, 0xDD, 0x07, 0x81, 0x9E, 0xFB, 0xE0,
  0x08, 0x00, 0x7C, 0xF2, 0x1D, 0xF0, 0x16, 0x05, 0x06, 0x40, 0x42, 0x41, 0x70, 0x84, 0xA0, 0x51,
  0xC0, 0xFB, 0x82, 0x61, 0x04, 0x6D, 0x07, 0x88, 0x41, 0x67, 0x18, 0xE7, 0x60, 0x40, 0xF5, 0x88,
  0x05, 0x00, 0x44, 0x11, 0x87, 0x14, 0x28, 0x0C, 0x2B, 0x0C, 0x1A, 0xE5, 0x73, 0x01, 0xC1, 0xB9,
  0xFB, 0x7C, 0xFE, 0x0C, 0x08, 0x0C, 0x1B, 0x0C, 0x0A, 0xFD, 0x01, 0xE0, 0xE0, 0xF5, 0xDD, 0x04,
  0x89, 0x01, 0x65, 0x5E, 0x01, 0x0C, 0x2B, 0x42, 0x65, 0x00, 0xA2, 0xA0, 0x01, 0x25, 0x74, 0x01,
  0x81, 0xB1, 0xFB, 0x8A, 0x86, 0x40, 0x88, 0xC0, 0x98, 0x08, 0x70, 0x86, 0xC0, 0x8A, 0x83, 0x99,
  0x08, 0x7C, 0xF8, 0x89, 0x05, 0x4B, 0x66, 0x06, 0xEB, 0xFF, 0xB2, 0xA0, 0x02, 0x0C, 0x1A, 0xA5,
  0x6F, 0x01, 0xCD, 0x04, 0xBD, 0x03, 0xAD, 0x07, 0x81, 0xA8, 0xFB, 0xE0, 0x08, 0x00, 0x7D, 0x0A,
  0x0C, 0x2B, 0x0C, 0x1A, 0xA5, 0x70, 0x01, 0xAD, 0x07, 0xA5, 0x0F, 0x00, 0x2D, 0x0A, 0x86, 0xDC,
  0xFF, 0x00, 0x00, 0x00, 0x36, 0x41, 0x00, 0xAD, 0x02, 0x81, 0xA0, 0xFB, 0xE0, 0x08, 0x00, 0x65,
  0x0E, 0x00, 0x2D, 0x0A, 0x1D, 0xF0, 0x00, 0x00, 0x36, 0x41, 0x00, 0x20, 0x72, 0x20, 0x82, 0xA0,
  0x20, 0x50, 0x50, 0x74, 0x22, 0xA0, 0x04, 0x50, 0x28, 0x93, 0x20, 0x87, 0xE2, 0x9C, 0x88, 0xA5,
  0xB0, 0xFF, 0xBD, 0x0A, 0xC1, 0x69, 0xFB, 0xA1, 0x96, 0xFB, 0xED, 0x02, 0xDD, 0x07, 0x81, 0x69,
  0xFB, 0xE0, 0x08, 0x00, 0x7C, 0xF2, 0x1D, 0xF0, 0x00, 0x20, 0x84, 0xE2, 0x16, 0x58, 0x01, 0xA5,
  0xAE, 0xFF, 0xA0, 0xBA, 0x20, 0xC1, 0x60, 0xFB, 0xA1, 0x8F, 0xFB, 0x20, 0xE2, 0x20, 0xDD, 0x04,
  0x86, 0xF6, 0xFF, 0x00, 0x00, 0x30, 0x80, 0x14, 0x16, 0x88, 0x01, 0xE5, 0xAC, 0xFF, 0xA0, 0xBA,
  0x20, 0xC1, 0x59, 0xFB, 0xA1, 0x89, 0xFB, 0x30, 0xD3, 0x20, 0x81, 0x5A, 0xFB, 0xE0, 0x08, 0x00,
  0x06, 0xF0, 0xFF, 0x00, 0x25, 0x35, 0xFF, 0xA0, 0x2A, 0x20, 0x56, 0x8A, 0xFB, 0x40, 0xC4, 0x20,
  0xBD, 0x03, 0xAD, 0x07, 0x8C, 0xC5, 0x81, 0x81, 0xFB, 0xE0, 0x08, 0x00, 0x65, 0x05, 0x00, 0x2D,
  0x0A, 0x46, 0xE8, 0xFF, 0x81, 0x7F, 0xFB, 0xE0, 0x08, 0x00, 0x86, 0xFB, 0xFF, 0x00, 0x00, 0x00,
  0x36, 0x41, 0x00, 0xD2, 0xA0, 0x00, 0xC2, 0xA0, 0x00, 0xB2, 0xA0, 0x00, 0x0C, 0x4A, 0xA5, 0x2F,
  0xFF, 0x1D, 0xF0, 0x00, 0x36, 0x41, 0x00, 0x81, 0x77, 0xFB, 0x0C, 0x02, 0xC0, 0x20, 0x00, 0x88,
  0x28, 0x87, 0xF8, 0x1B, 0x0C, 0x12, 0x47, 0xF8, 0x16, 0x0C, 0x22, 0x77, 0xF8, 0x11, 0x0C, 0x32,
  0xE7, 0xE8, 0x0C, 0x80, 0x8D, 0x04, 0x30, 0x88, 0x11, 0x0C, 0x52, 0x0C, 0x49, 0x80, 0x29, 0x93,
  0x1D, 0xF0, 0x00, 0x00, 0x36, 0x41, 0x00, 0x9D, 0x02, 0x0C, 0x12, 0x22, 0xD2, 0x60, 0x26, 0x19,
  0x0F, 0x0C, 0x22, 0x22, 0xD2, 0x60, 0x26, 0x29, 0x07, 0x0C, 0x18, 0x90, 0x89, 0x83, 0x80, 0x20,
  0x60, 0x1D, 0xF0, 0x00, 0x36, 0x41, 0x00, 0x22, 0xA2, 0x00, 0x1D, 0xF0, 0x36, 0x41, 0x00, 0x0C,
  0x08, 0x8C, 0xB2, 0xC1, 0x64, 0xFB, 0xD2, 0xA7, 0x2F, 0x37, 0x98, 0x12, 0x1D, 0xF0, 0x00, 0x00,
  0xD1, 0x5E, 0xFB, 0xC1, 0x5E, 0xFB, 0xA1, 0x5E, 0xFB, 0xB2, 0xA0, 0x2F, 0xE5, 0x7E, 0x00, 0x80,
  0x90, 0x14, 0x16, 0x28, 0x00, 0x56, 0x89, 0x01, 0xC0, 0x20, 0x00, 0xA8, 0x0C, 0xE0, 0xEA, 0x03,
  0xC0, 0x20, 0x00, 0xB8, 0x0C, 0xB0, 0xAA, 0x30, 0xB0, 0xEA, 0x03, 0xE0, 0xBB, 0xC0, 0xB7, 0xBD,
  0xEE, 0x8A, 0xB2, 0x00, 0x29, 0x40, 0xA0, 0x90, 0x91, 0x92, 0x4B, 0x00, 0x1B, 0x88, 0xC6, 0xED,
  0xFF, 0x00, 0x00, 0x00, 0x36, 0x41, 0x00, 0x0C, 0x0F, 0x0C, 0x4E, 0x0C, 0x4D, 0x0C, 0x7C, 0x0C,
  0x1B, 0xA2, 0xA0, 0x69, 0x81, 0x2C, 0xFB, 0xE0, 0x08, 0x00, 0x0C, 0x0F, 0x0C, 0x2E, 0x0C, 0x2D,
  0x0C, 0x7C, 0xB2, 0xA0, 0x01, 0xA2, 0xA0, 0x69, 0x81, 0x27, 0xFB, 0xE0, 0x08, 0x00, 0x0C, 0x0F,
  0x0C, 0x3E, 0x0C, 0x3D, 0x0C, 0x7C, 0x0C, 0x1B, 0xA2, 0xA0, 0x69, 0x81, 0x22, 0xFB, 0xE0, 0x08,
  0x00, 0xA2, 0xA0, 0x69, 0x0C, 0x0F, 0x0C, 0x0E, 0x0C, 0x1D, 0x0C, 0x7C, 0x0C, 0x1B, 0x81, 0x1D,
  0xFB, 0xE0, 0x08, 0x00, 0x91, 0x3D, 0xFB, 0xA1, 0x3D, 0xFB, 0xC0, 0x20, 0x00, 0x88, 0x09, 0xA0,
  0x88, 0x10, 0xC0, 0x20, 0x00, 0x89, 0x09, 0x91, 0x3A, 0xFB, 0xA1, 0x3B, 0xFB, 0xC0, 0x20, 0x00,
  0x88, 0x09, 0x8A, 0x88, 0x80, 0x81, 0x41, 0xC0, 0x20, 0x00, 0x89, 0x09, 0x91, 0x36, 0xFB, 0xC0,
  0x20, 0x00, 0x88, 0x09, 0xA0, 0x88, 0x10, 0xC0, 0x20, 0x00, 0x89, 0x09, 0x91, 0x34, 0xFB, 0xA1,
  0xEF, 0xFA, 0xC0, 0x20, 0x00, 0x88, 0x09, 0xA0, 0x88, 0x10, 0xC0, 0x20, 0x00, 0x89, 0x09, 0x91,
  0x30, 0xFB, 0x0C, 0x1A, 0xC0, 0x20, 0x00, 0x88, 0x09, 0x40, 0xAA, 0x01, 0xA0, 0x88, 0x20, 0xC0,
  0x20, 0x00, 0x89, 0x09, 0x1D, 0xF0, 0x00, 0x00, 0x36, 0x41, 0x00, 0x7C, 0xE8, 0x61, 0x29, 0xFB,
  0x71, 0x2A, 0xFB, 0x87, 0x12, 0x19, 0x66, 0x02, 0x2A, 0xE5, 0x8F, 0xFF, 0xBD, 0x0A, 0xA1, 0x27,
  0xFB, 0xDD, 0x06, 0x70, 0xC7, 0x20, 0x81, 0xE7, 0xFA, 0xE0, 0x08, 0x00, 0x1D, 0xF0, 0x00, 0x00,
  0x65, 0x8E, 0xFF, 0xA0, 0xBA, 0x20, 0x60, 0xD6, 0x20, 0xA1, 0x21, 0xFB, 0x70, 0xC7, 0x20, 0xC6,
  0xF8, 0xFF, 0x00, 0x00, 0x25, 0x8D, 0xFF, 0xBD, 0x0A, 0xA1, 0x1E, 0xFB, 0xED, 0x06, 0xDD, 0x02,
  0xCD, 0x07, 0x81, 0xDC, 0xFA, 0xE0, 0x08, 0x00, 0x06, 0xF4, 0xFF, 0x00, 0x36, 0x41, 0x00, 0x81,
  0x1A, 0xFB, 0x0B, 0x44, 0x3A, 0x44, 0x37, 0xB8, 0x12, 0x81, 0x18, 0xFB, 0x0C, 0x12, 0x40, 0x88,
  0x62, 0x0B, 0x88, 0x80, 0x80, 0x60, 0x80, 0x80, 0x74, 0x56, 0xD8, 0x01, 0x81, 0x15, 0xFB, 0x37,
  0xB8, 0x11, 0x81, 0x14, 0xFB, 0x0C, 0x82, 0x40, 0x88, 0x62, 0x0B, 0x88, 0x80, 0x80, 0x60, 0x80,
  0x80, 0x74, 0xCC, 0x48, 0x10, 0x11, 0x20, 0xE5, 0x68, 0x00, 0x1D, 0xF0, 0x36, 0x41, 0x00, 0x30,
  0x80, 0x04, 0x8A, 0x88, 0xCC, 0x12, 0x30, 0x80, 0x04, 0x91, 0x0B, 0xFB, 0xC0, 0x20, 0x00, 0xA8,
  0x09, 0xA0, 0x88, 0x10, 0xA0, 0x88, 0x30, 0xC0, 0x20, 0x00, 0x89, 0x09, 0x30, 0x82, 0x41, 0x66,
  0x12, 0x02, 0x30, 0x83, 0x41, 0x91, 0x05, 0xFB, 0xC0, 0x20, 0x00, 0xA8, 0x09, 0xA0, 0x88, 0x10,
  0xA0, 0x88, 0x30, 0xC0, 0x20, 0x00, 0x89, 0x09, 0x1D, 0xF0, 0x00, 0x00, 0x36, 0x41, 0x00, 0x88,
  0x12, 0xAD, 0x02, 0xBD, 0x03, 0x0C, 0x02, 0x8C, 0x78, 0xA5, 0xF5, 0x00, 0x20, 0xFA, 0x40, 0x20,
  0x25, 0x41, 0x1D, 0xF0, 0x36, 0x81, 0x00, 0xE5, 0xE5, 0xFF, 0x0C, 0x0A, 0x25, 0x69, 0x00, 0x82,
  0xA0, 0x9C, 0x0C, 0x09, 0x0C, 0x0A, 0x8A, 0x82, 0x62, 0xC2, 0x1C, 0x0C, 0x03, 0x99, 0x51, 0x0C,
  0x04, 0xA9, 0x41, 0x0C, 0x07, 0x0C, 0x05, 0xA2, 0x02, 0x05, 0xA7, 0xA3, 0x02, 0xC6, 0x2C, 0x00,
  0x88, 0x22, 0x0C, 0x2B, 0x0C, 0x1A, 0x99, 0x71, 0x32, 0x22, 0x41, 0x89, 0x61, 0xA5, 0x38, 0x01,
  0x25, 0x1C, 0x01, 0x88, 0x41, 0x30, 0x20, 0x60, 0x20, 0x67, 0x10, 0x8A, 0x77, 0x20, 0x55, 0x10,
  0x60, 0x77, 0xC0, 0x0C, 0x0A, 0xDD, 0x05, 0xFD, 0x01, 0xED, 0x07, 0xCD, 0x06, 0x0C, 0x1B, 0xA9,
  0x01, 0x65, 0x22, 0x01, 0x1C, 0xFC, 0x70, 0xCC, 0x01, 0xDD, 0x05, 0xFD, 0x01, 0xED, 0x03, 0x30,
  0xCC, 0xC0, 0x0C, 0x1B, 0x0C, 0x0A, 0x25, 0x21, 0x01, 0x88, 0x51, 0x98, 0x71, 0x20, 0x54, 0x10,
  0x8A, 0x44, 0x50, 0x44, 0xC0, 0xFD, 0x01, 0xED, 0x04, 0x20, 0xD9, 0x10, 0xCD, 0x05, 0x0C, 0x1B,
  0x0C, 0x0A, 0x65, 0x1F, 0x01, 0xCD, 0x07, 0xBD, 0x06, 0x0C, 0x0A, 0x25, 0xED, 0xFF, 0xBD, 0x0A,
  0x0C, 0x0A, 0xA5, 0xF0, 0xFF, 0xCD, 0x04, 0xBD, 0x05, 0x0C, 0x0A, 0x25, 0xEC, 0xFF, 0xBD, 0x0A,
  0x0C, 0x0A, 0xA5, 0xEF, 0xFF, 0xCD, 0x07, 0xBD, 0x06, 0x0C, 0x1A, 0x25, 0xEB, 0xFF, 0xBD, 0x0A,
  0x0C, 0x1A, 0xA5, 0xEE, 0xFF, 0xCD, 0x04, 0xBD, 0x05, 0x0C, 0x1A, 0x25, 0xEA, 0xFF, 0xBD, 0x0A,
  0x0C, 0x1A, 0xA5, 0xED, 0xFF, 0x0C, 0x2B, 0x0C, 0x1A, 0x65, 0x31, 0x01, 0xE5, 0x52, 0x00, 0x88,
  0x61, 0xE0, 0x08, 0x00, 0xA8, 0x06, 0x7C, 0x1B, 0x60, 0xBB, 0x01, 0xF1, 0xC1, 0xFA, 0xBA, 0xBA,
  0xB7, 0x3F, 0x30, 0x16, 0x15, 0x02, 0x89, 0x61, 0x92, 0x61, 0x04, 0xE5, 0x72, 0xFF, 0xA0, 0xBA,
  0x20, 0xD1, 0xBC, 0xFA, 0xC1, 0xB1, 0xFA, 0xA1, 0xBC, 0xFA, 0x81, 0x72, 0xFA, 0xE0, 0x08, 0x00,
  0xF1, 0xB8, 0xFA, 0x88, 0x61, 0x92, 0x21, 0x04, 0xA8, 0x16, 0x78, 0x06, 0x52, 0x28, 0x00, 0xA9,
  0x41, 0x70, 0xA7, 0x20, 0xB2, 0xAF, 0xDF, 0x70, 0xBB, 0x01, 0xB0, 0xAA, 0x80, 0xA7, 0x3F, 0x23,
  0x16, 0x89, 0x01, 0x82, 0x61, 0x05, 0x25, 0x6F, 0xFF, 0xBD, 0x0A, 0xD1, 0xB0, 0xFA, 0xC1, 0xA2,
  0xFA, 0xA1, 0xAD, 0xFA, 0x81, 0x64, 0xFA, 0xE0, 0x08, 0x00, 0x88, 0x51, 0xA8, 0x16, 0x98, 0x08,
  0x48, 0x06, 0xA9, 0x51, 0x1B, 0x33, 0x4B, 0x88, 0x8B, 0x66, 0x46, 0xB2, 0xFF, 0x00, 0x00, 0x00,
  0x36, 0x41, 0x00, 0x30, 0xAC, 0x41, 0xE5, 0xB8, 0xFF, 0xA0, 0x7A, 0x20, 0xCC, 0xFA, 0xDD, 0x04,
  0x2C, 0x0C, 0x20, 0xB2, 0x20, 0x30, 0xA3, 0x20, 0xE5, 0xB8, 0xFF, 0x7D, 0x0A, 0x9C, 0x1A, 0xA5,
  0x6A, 0xFF, 0xBD, 0x0A, 0xC1, 0x91, 0xFA, 0xA1, 0x9E, 0xFA, 0xDD, 0x07, 0x81, 0x52, 0xFA, 0xE0,
  0x08, 0x00, 0x1D, 0xF0, 0x36, 0x81, 0x00, 0x96, 0xF3, 0x02, 0x81, 0x9A, 0xFA, 0x82, 0x08, 0x00,
  0xAC, 0x68, 0x2C, 0x0C, 0xB2, 0xA0, 0xFF, 0xAD, 0x01, 0x81, 0x6B, 0xFA, 0xE0, 0x08, 0x00, 0x1B,
  0x83, 0x89, 0x01, 0x0C, 0x28, 0x89, 0x61, 0xAD, 0x01, 0xE5, 0x79, 0xFF, 0xA9, 0x71, 0xA5, 0xC7,
  0xFE, 0xB8, 0x02, 0xCD, 0x0A, 0xAD, 0x01, 0xA5, 0xF9, 0xFF, 0xBD, 0x03, 0xAD, 0x02, 0x65, 0x38,
  0x00, 0xA9, 0x01, 0xB9, 0x11, 0xAD, 0x01, 0x0C, 0x1B, 0x25, 0x90, 0xFF, 0x1D, 0xF0, 0x00, 0x00,
  0x36, 0x41, 0x00, 0xA8, 0x02, 0x7D, 0x02, 0x22, 0xA1, 0x05, 0xAC, 0x2A, 0x7C, 0xF8, 0xB8, 0x17,
  0x80, 0x83, 0xC5, 0xB7, 0x38, 0x1D, 0x25, 0x63, 0xFF, 0x0C, 0x1E, 0xBD, 0x0A, 0xD8, 0x17, 0xC1,
  0x72, 0xFA, 0xA1, 0x81, 0xFA, 0x30, 0xEE, 0x11, 0x81, 0x33, 0xFA, 0xE0, 0x08, 0x00, 0x7C, 0xF2,
  0x1D, 0xF0, 0x00, 0x00, 0x65, 0x96, 0xFF, 0xA0, 0x6A, 0x20, 0x56, 0x2A, 0x01, 0xA5, 0x60, 0xFF,
  0xBD, 0x0A, 0xE8, 0x17, 0xD8, 0x07, 0xC1, 0x68, 0xFA, 0xA1, 0x78, 0xFA, 0x06, 0xF6, 0xFF, 0x00,
  0xA0, 0xBA, 0x20, 0xC2, 0xA0, 0x20, 0x30, 0xA3, 0x20, 0x81, 0x1E, 0xFA, 0xE0, 0x08, 0x00, 0x2C,
  0x0C, 0xB2, 0xD6, 0x10, 0xA2, 0xC3, 0x20, 0x81, 0x1B, 0xFA, 0xE0, 0x08, 0x00, 0xAD, 0x06, 0xA5,
  0x9C, 0xFF, 0x0C, 0x02, 0x06, 0xEE, 0xFF, 0x00, 0x36, 0x61, 0x00, 0xB1, 0x6D, 0xFA, 0xA1, 0x6D,
  0xFA, 0xA5, 0x91, 0xFF, 0xA0, 0x7A, 0x20, 0x56, 0xBA, 0x01, 0xE5, 0x5B, 0xFF, 0xBD, 0x0A, 0xE1,
  0x68, 0xFA, 0xD1, 0x68, 0xFA, 0xC1, 0x54, 0xFA, 0xA1, 0x68, 0xFA, 0x81, 0x16, 0xFA, 0xE0, 0x08,
  0x00, 0x0C, 0x02, 0x1D, 0xF0, 0x00, 0xCD, 0x01, 0x0C, 0x1B, 0xA5, 0xCE, 0x00, 0xC8, 0x01, 0x2B,
  0x97, 0xAC, 0x0A, 0x65, 0x59, 0xFF, 0xBD, 0x0A, 0xC1, 0x4C, 0xFA, 0xA1, 0x60, 0xFA, 0x81, 0x0D,
  0xFA, 0xE0, 0x08, 0x00, 0x46, 0xF6, 0xFF, 0x00, 0x82, 0x09, 0x00, 0x9C, 0x68, 0x26, 0x18, 0x5B,
  0x1B, 0xAA, 0x92, 0xC9, 0x20, 0xC7, 0x2A, 0xEF, 0xAD, 0x07, 0xE5, 0x95, 0xFF, 0x0C, 0x12, 0x06,
  0xF0, 0xFF, 0x00, 0x00, 0x00, 0x82, 0x09, 0x01, 0xAC, 0x48, 0x26, 0xC8, 0x2F, 0x80, 0xB4, 0x34,
  0x66, 0x1B, 0xDC, 0x2B, 0xB9, 0x80, 0x80, 0x34, 0xD8, 0x0B, 0x2B, 0x88, 0xB8, 0x1B, 0x20, 0x88,
  0xB0, 0xD9, 0x28, 0xB9, 0x38, 0x82, 0x22, 0x26, 0x1B, 0x88, 0x82, 0x62, 0x26, 0xC6, 0xEF, 0xFF,
  0x2B, 0x89, 0xB8, 0x08, 0x88, 0x18, 0xB9, 0x22, 0x89, 0x32, 0x86, 0xEC, 0xFF, 0x2B, 0x89, 0xB8,
  0x08, 0x88, 0x18, 0xB9, 0x42, 0x89, 0x52, 0x46, 0xE9, 0xFF, 0x00, 0x00, 0x82, 0x09, 0x01, 0x56,
  0xD8, 0xF9, 0x2B, 0x89, 0xB8, 0x08, 0x88, 0x18, 0xB9, 0x02, 0x89, 0x12, 0x06, 0xE4, 0xFF, 0x00,
  0x36, 0xC1, 0x00, 0x82, 0x22, 0x00, 0x7D, 0x02, 0x16, 0xA8, 0x0D, 0xAD, 0x02, 0xBD, 0x01, 0x25,
  0xEB, 0xFF, 0x2D, 0x0A, 0x56, 0x4A, 0x0E, 0x51, 0x33, 0xFA, 0xA2, 0x45, 0x00, 0xA5, 0xAF, 0xFE,
  0x88, 0x61, 0x6D, 0x0A, 0x66, 0x18, 0x0C, 0xB8, 0x07, 0x0C, 0x48, 0xCD, 0x0A, 0xAD, 0x01, 0x89,
  0x61, 0xE5, 0xE0, 0xFF, 0x82, 0x21, 0x0E, 0x66, 0x18, 0x12, 0xB2, 0x27, 0x00, 0x0C, 0x48, 0xCD,
  0x06, 0xB2, 0xDB, 0x10, 0xA2, 0xC1, 0x20, 0x82, 0x61, 0x0E, 0x65, 0xDF, 0xFF, 0xAD, 0x01, 0x65,
  0x7A, 0xFF, 0xEC, 0x7A, 0x82, 0x27, 0x26, 0x16, 0xB8, 0x02, 0x10, 0xA1, 0x20, 0x25, 0x71, 0xFF,
  0xA0, 0xBA, 0x20, 0x26, 0x0A, 0x65, 0xB0, 0xAA, 0x11, 0xAA, 0xA1, 0x88, 0x6A, 0x28, 0x0A, 0x52,
  0x27, 0x26, 0x16, 0x08, 0x04, 0x0B, 0x22, 0x50, 0x22, 0xE2, 0x86, 0x0D, 0x00, 0xA2, 0xC1, 0x20,
  0x25, 0x77, 0xFF, 0x16, 0xDA, 0xFC, 0x88, 0x27, 0x56, 0xA8, 0x05, 0x88, 0x01, 0x66, 0x08, 0x19,
  0x88, 0x81, 0x26, 0x08, 0x0A, 0x78, 0xF1, 0xA2, 0xC1, 0x20, 0xE5, 0x59, 0xFF, 0xA7, 0x17, 0x13,
  0x0C, 0x18, 0x82, 0x45, 0x00, 0xC6, 0x02, 0x00, 0x00, 0x00, 0x78, 0x71, 0xAD, 0x01, 0xA5, 0x58,
  0xFF, 0xA7, 0x97, 0xDB, 0x1D, 0xF0, 0x82, 0xA0, 0x01, 0x82, 0x6A, 0x06, 0x82, 0x27, 0x00, 0x40,
  0xBB, 0x11, 0xCD, 0x06, 0x8A, 0xBB, 0xA5, 0xD7, 0xFF, 0x06, 0xEA, 0xFF, 0x82, 0x27, 0x02, 0x71,
  0xF6, 0xF9, 0x16, 0x68, 0x01, 0x25, 0x43, 0xFF, 0xA0, 0xBA, 0x20, 0xA1, 0x09, 0xFA, 0xCD, 0x07,
  0x81, 0xB5, 0xF9, 0xE0, 0x08, 0x00, 0x7C, 0xF2, 0x06, 0xF2, 0xFF, 0x00, 0xA5, 0x41, 0xFF, 0xBD,
  0x0A, 0xCD, 0x07, 0xA1, 0x04, 0xFA, 0x86, 0xF9, 0xFF, 0x00, 0x00, 0x00, 0x22, 0xAF, 0x9D, 0x46,
  0xEC, 0xFF, 0x00, 0x00, 0x36, 0x61, 0x02, 0x0C, 0x0A, 0x81, 0x00, 0xFA, 0xE0, 0x08, 0x00, 0x66,
  0x5A, 0x27, 0xA5, 0x69, 0xFF, 0x16, 0x0A, 0x01, 0xBD, 0x01, 0xA5, 0xB2, 0x00, 0xCC, 0x8A, 0x0C,
  0x1B, 0xA5, 0x69, 0xFF, 0xAD, 0x01, 0xE5, 0xBB, 0xFF, 0xE5, 0x3D, 0xFF, 0xBD, 0x0A, 0xC1, 0xDE,
  0xF9, 0xA1, 0xF5, 0xF9, 0x81, 0xA0, 0xF9, 0xE0, 0x08, 0x00, 0x1D, 0xF0, 0x36, 0x41, 0x00, 0xE5,
  0x1A, 0x00, 0xA2, 0xA3, 0xE8, 0x81, 0x9A, 0xF9, 0xE0, 0x08, 0x00, 0x81, 0xF1, 0xF9, 0xE0, 0x08,
  0x00, 0x06, 0xFF, 0xFF, 0x36, 0x61, 0x02, 0xC2, 0xA1, 0x08, 0x0C, 0x0B, 0xAD, 0x01, 0x81, 0xB6,
  0xF9, 0xE0, 0x08, 0x00, 0x7C, 0xE8, 0x7D, 0x03, 0x62, 0xA1, 0x08, 0x87, 0x93, 0x5D, 0xBD, 0x01,
  0xA2, 0xC2, 0x10, 0xA5, 0xB5, 0xFF, 0x8C, 0x6A, 0xAD, 0x01, 0x10, 0x11, 0x20, 0x65, 0xB6, 0xFF,
  0x10, 0x11, 0x20, 0x65, 0x38, 0xFF, 0xBD, 0x0A, 0xC1, 0xC8, 0xF9, 0xA1, 0xE2, 0xF9, 0x81, 0x89,
  0xF9, 0xE0, 0x08, 0x00, 0x10, 0x11, 0x20, 0x65, 0xFA, 0xFF, 0x70, 0xB7, 0x20, 0xAD, 0x02, 0x65,
  0x09, 0x00, 0xA2, 0x61, 0x42, 0xB2, 0x61, 0x43, 0x9C, 0xEB, 0xBD, 0x01, 0x6A, 0xA1, 0xE5, 0xB1,
  0xFF, 0x8C, 0xDA, 0x70, 0xB7, 0x20, 0x20, 0xA2, 0x20, 0xA5, 0xCB, 0xFF, 0x06, 0xEE, 0xFF, 0x00,
  0x00, 0x00, 0xAD, 0x07, 0x10, 0x11, 0x20, 0x25, 0xA3, 0xFF, 0x0B, 0x77, 0xE6, 0x07, 0xCA, 0x32,
  0xC3, 0x01, 0x72, 0xA1, 0x08, 0x82, 0x22, 0x26, 0x87, 0x23, 0x2E, 0x10, 0xB1, 0x20, 0xA2, 0xC2,
  0x10, 0xA5, 0xAE, 0xFF, 0x56, 0x0A, 0xF9, 0x25, 0x32, 0xFF, 0xA0, 0xBA, 0x20, 0xC1, 0xAE, 0xF9,
  0xA1, 0xCA, 0xF9, 0x81, 0x70, 0xF9, 0xE0, 0x08, 0x00, 0xB2, 0xA1, 0x08, 0xAD, 0x01, 0x81, 0xC7,
  0xF9, 0xE0, 0x08, 0x00, 0x06, 0xE3, 0xFF, 0x00, 0x00, 0x00, 0x30, 0xB3, 0x20, 0x20, 0xA2, 0x20,
  0x25, 0x02, 0x00, 0xA2, 0x61, 0x42, 0xB2, 0x61, 0x43, 0x9C, 0x1B, 0xBD, 0x01, 0x7A, 0xA1, 0xE5,
  0xAA, 0xFF, 0x8C, 0x3A, 0xBD, 0x03, 0x06, 0xE3, 0xFF, 0xAD, 0x03, 0xE5, 0x9C, 0xFF, 0x1B, 0x33,
  0x46, 0xE8, 0xFF, 0x00, 0x36, 0x61, 0x00, 0x66, 0x03, 0x0D, 0x98, 0x22, 0x88, 0x32, 0x99, 0x01,
  0x89, 0x11, 0x28, 0x01, 0x38, 0x11, 0x1D, 0xF0, 0x7C, 0xE8, 0x87, 0x93, 0x06, 0x98, 0x42, 0x88,
  0x52, 0x46, 0xFA, 0xFF, 0x0C, 0xFA, 0x0C, 0x08, 0x0C, 0x09, 0x37, 0x3A, 0xE0, 0xA2, 0x22, 0x26,
  0xA7, 0xA3, 0xDA, 0x20, 0x33, 0xB0, 0x98, 0x63, 0x88, 0x73, 0x06, 0xF4, 0xFF, 0x00, 0x00, 0x00,
  0x36, 0x41, 0x00, 0x1D, 0xF0, 0x00, 0x00, 0x00, 0x36, 0x41, 0x00, 0x81, 0xAA, 0xF9, 0xE0, 0x08,
  0x00, 0x21, 0xA7, 0xF9, 0x0C, 0x2B, 0xAD, 0x02, 0x81, 0xA8, 0xF9, 0xE0, 0x08, 0x00, 0x1D, 0xF0,
  0x36, 0x41, 0x00, 0xBD, 0x03, 0xCD, 0x04, 0x56, 0xE2, 0x00, 0xD1, 0xA4, 0xF9, 0xC1, 0xA4, 0xF9,
  0xA1, 0xA5, 0xF9, 0xB2, 0xA0, 0x1F, 0x65, 0x05, 0x00, 0xA1, 0x9D, 0xF9, 0x0C, 0x0D, 0x81, 0xA2,
  0xF9, 0xE0, 0x08, 0x00, 0x1D, 0xF0, 0x00, 0x00, 0x36, 0x41, 0x00, 0x30, 0xB3, 0x20, 0x56, 0xE2,
  0x00, 0xD1, 0x9A, 0xF9, 0xC1, 0x9E, 0xF9, 0xA1, 0x9B, 0xF9, 0xB2, 0xA0, 0x25, 0xE5, 0x02, 0x00,
  0xA1, 0x94, 0xF9, 0xCC, 0x93, 0xB2, 0xA0, 0xD8, 0x81, 0x91, 0xF9, 0xE0, 0x08, 0x00, 0x1D, 0xF0,
  0x81, 0x98, 0xF9, 0xE0, 0x08, 0x00, 0x06, 0xFD, 0xFF, 0x00, 0x00, 0x00, 0x36, 0x41, 0x00, 0xA2,
  0xA0, 0x00, 0x81, 0x94, 0xF9, 0xE0, 0x08, 0x00, 0x1D, 0xF0, 0x00, 0x00, 0x36, 0x41, 0x00, 0xA1,
  0x92, 0xF9, 0xCD, 0x02, 0xDD, 0x03, 0xBD, 0x04, 0xED, 0x05, 0x81, 0x2A, 0xF9, 0xE0, 0x08, 0x00,
  0x06, 0xFF, 0xFF, 0x00, 0x36, 0x41, 0x00, 0x81, 0x8D, 0xF9, 0xE0, 0xB0, 0x11, 0x80, 0x8E, 0x15,
  0x00, 0x42, 0x40, 0xB0, 0xB8, 0x81, 0xA1, 0x8A, 0xF9, 0xB2, 0xCB, 0xFD, 0x81, 0x22, 0xF9, 0xE0,
  0x08, 0x00, 0x81, 0x88, 0xF9, 0x80, 0x68, 0x40, 0x07, 0x68, 0x02, 0xF0, 0x41, 0x00, 0x06, 0xFF,
  0xFF, 0x00, 0x00, 0x00, 0x36, 0x41, 0x00, 0x91, 0x84, 0xF9, 0x7C, 0xBA, 0xC0, 0x20, 0x00, 0x88,
  0x09, 0x20, 0x20, 0x74, 0xA0, 0x88, 0x10, 0xC0, 0x20, 0x00, 0x89, 0x09, 0x81, 0x80, 0xF9, 0xC0,
  0x20, 0x00, 0x98, 0x08, 0x8C, 0xC2, 0xA1, 0x7E, 0xF9, 0xA0, 0x99, 0x10, 0xC0, 0x20, 0x00, 0x99,
  0x08, 0x1D, 0xF0, 0x00, 0x0C, 0x1A, 0xF0, 0xAA, 0x01, 0xA0, 0x99, 0x20, 0x06, 0xFB, 0xFF, 0x00,
  0x36, 0x41, 0x00, 0x91, 0x75, 0xF9, 0x7C, 0xEA, 0xC0, 0x20, 0x00, 0x88, 0x09, 0x20, 0x20, 0x74,
  0xA0, 0x88, 0x10, 0xC0, 0x20, 0x00, 0x89, 0x09, 0x81, 0x73, 0xF9, 0xC0, 0x20, 0x00, 0x98, 0x08,
  0x8C, 0xD2, 0x0C, 0x1A, 0xC0, 0xAA, 0x01, 0xA0, 0x99, 0x20, 0xC0, 0x20, 0x00, 0x99, 0x08, 0x1D,
  0xF0, 0xA1, 0x6D, 0xF9, 0xA0, 0x99, 0x10, 0xC6, 0xFB, 0xFF, 0x00, 0x00, 0x36, 0x81, 0x00, 0x39,
  0x41, 0x3D, 0x04, 0x72, 0x23, 0x37, 0x7C, 0x09, 0x4D, 0x05, 0x1C, 0x0C, 0x52, 0xC7, 0x10, 0xB2,
  0xA0, 0x00, 0x10, 0xA1, 0x20, 0x90, 0x55, 0x10, 0x81, 0x18, 0xF9, 0xE0, 0x08, 0x00, 0x0C, 0x19,
  0x88, 0x41, 0x70, 0x55, 0xC0, 0x90, 0x66, 0x30, 0x56, 0x82, 0x04, 0x56, 0x56, 0x04, 0x92, 0xC1,
  0xFF, 0x50, 0x99, 0x80, 0x80, 0x78, 0x75, 0xE2, 0x09, 0x00, 0x80, 0x90, 0xF5, 0x90, 0x77, 0x30,
  0x80, 0x77, 0x30, 0x80, 0x88, 0x41, 0x80, 0x77, 0x30, 0x70, 0x70, 0x74, 0x77, 0x1E, 0x42, 0x16,
  0xF6, 0x03, 0x56, 0x64, 0x01, 0xE9, 0x41, 0x25, 0x0F, 0xFF, 0xBD, 0x0A, 0xE8, 0x41, 0xC1, 0x53,
  0xF9, 0xA1, 0x53, 0xF9, 0xDD, 0x07, 0x81, 0xE3, 0xF8, 0xE0, 0x08, 0x00, 0x0C, 0x2A, 0xA2, 0xDA,
  0x20, 0x86, 0x05, 0x00, 0xA2, 0x23, 0x00, 0xD2, 0xA0, 0x01, 0x50, 0xC5, 0x20, 0xBD, 0x01, 0xAA,
  0xA7, 0x89, 0x41, 0x65, 0x4D, 0xFF, 0x88, 0x41, 0x16, 0x2A, 0xFA, 0x2D, 0x0A, 0x1D, 0xF0, 0x00,
  0x00, 0x00, 0x16, 0xA2, 0x00, 0x50, 0xC5, 0x20, 0x10, 0xB1, 0x20, 0xAD, 0x02, 0x25, 0xE3, 0xFF,
  0x82, 0x23, 0x37, 0x0C, 0x0A, 0x5A, 0x88, 0x82, 0x63, 0x37, 0x46, 0xF7, 0xFF, 0x00, 0x00, 0x00,
  0x36, 0x41, 0x00, 0x7D, 0x02, 0xB2, 0xA1, 0x08, 0xAD, 0x07, 0x81, 0x28, 0xF9, 0xE0, 0x08, 0x00,
  0x2D, 0x03, 0x39, 0x07, 0x4B, 0x37, 0xAD, 0x02, 0x0C, 0x1D, 0x1C, 0x8C, 0xBD, 0x03, 0xA5, 0x48,
  0xFF, 0x2D, 0x0A, 0x56, 0xEA, 0x03, 0x16, 0x25, 0x08, 0x82, 0x07, 0x1B, 0x9C, 0x08, 0x16, 0xE4,
  0x00, 0x65, 0xDD, 0xFF, 0xA9, 0x04, 0x16, 0xAA, 0x07, 0x1C, 0x8C, 0xBD, 0x03, 0x25, 0xDE, 0xFF,
  0x92, 0x07, 0x04, 0x82, 0xA0, 0xE9, 0x48, 0x07, 0x87, 0x19, 0x1C, 0xDC, 0x16, 0xA5, 0x04, 0xFF,
  0xBD, 0x0A, 0xC1, 0x2A, 0xF9, 0xA1, 0x2B, 0xF9, 0xDD, 0x04, 0x81, 0xBA, 0xF8, 0xE0, 0x08, 0x00,
  0x0C, 0x22, 0x22, 0xD2, 0x20, 0x1D, 0xF0, 0x00, 0x16, 0xE4, 0x00, 0x81, 0x27, 0xF9, 0x52, 0x28,
  0x00, 0x40, 0x55, 0xC0, 0x50, 0xF5, 0x40, 0x50, 0x55, 0x41, 0x0C, 0x1B, 0xB0, 0xB5, 0x30, 0xAD,
  0x03, 0xA5, 0x22, 0xFF, 0xFC, 0x2A, 0x82, 0x07, 0x05, 0x1C, 0x09, 0x87, 0xB9, 0x1D, 0x56, 0xE6,
  0xFC, 0x65, 0x00, 0xFF, 0xBD, 0x0A, 0xE2, 0x07, 0x05, 0xC1, 0x18, 0xF9, 0xA1, 0x1C, 0xF9, 0x1C,
  0x0F, 0xDD, 0x04, 0x81, 0xA8, 0xF8, 0xE0, 0x08, 0x00, 0xC6, 0xEC, 0xFF, 0x1C, 0x88, 0x82, 0x67,
  0x37, 0x06, 0xEC, 0xFF, 0x22, 0xA1, 0x01, 0x86, 0xEA, 0xFF, 0x2D, 0x0A, 0x46, 0xE9, 0xFF, 0x00,
  0x36, 0x41, 0x00, 0x37, 0x22, 0x0D, 0xD1, 0x12, 0xF9, 0xC1, 0x12, 0xF9, 0x1C, 0xEB, 0xA1, 0x12,
  0xF9, 0xA5, 0xDB, 0xFF, 0x57, 0x24, 0x0C, 0xD1, 0x11, 0xF9, 0xC1, 0x0E, 0xF9, 0x1C, 0xFB, 0xC6,
  0xFA, 0xFF, 0x00, 0x00, 0x30, 0x44, 0x72, 0x50, 0x22, 0x72, 0x20, 0x24, 0x10, 0x1D, 0xF0, 0x00,
  0x36, 0x81, 0x00, 0x29, 0x41, 0x7D, 0x04, 0x2D, 0x06, 0x47, 0x93, 0x02, 0x86, 0x59, 0x00, 0x47,
  0x23, 0x0E, 0xD1, 0x0F, 0xF9, 0xC1, 0x0F, 0xF9, 0xA1, 0x10, 0xF9, 0xB2, 0xA1, 0xA9, 0xE5, 0xD7,
  0xFF, 0x41, 0x0E, 0xF9, 0x91, 0x0F, 0xF9, 0x4A, 0x43, 0x47, 0x39, 0x6D, 0x61, 0x0E, 0xF9, 0x81,
  0x07, 0xF9, 0x6A, 0x67, 0x67, 0xB9, 0x02, 0x46, 0x43, 0x00, 0xAD, 0x01, 0xB1, 0x0B, 0xF9, 0xDD,
  0x07, 0xCD, 0x03, 0xA2, 0xDA, 0x80, 0xA5, 0xF8, 0xFF, 0x81, 0xFD, 0xF8, 0x56, 0x8A, 0x0F, 0xB1,
  0x07, 0xF9, 0xA1, 0x07, 0xF9, 0xDD, 0x07, 0xCD, 0x03, 0x65, 0xF7, 0xFF, 0x56, 0x5A, 0x0E, 0xFC,
  0x52, 0xB1, 0xF6, 0xF8, 0xA1, 0xF5, 0xF8, 0xDD, 0x07, 0xCD, 0x03, 0x65, 0xF6, 0xFF, 0x0C, 0x12,
  0xAC, 0x4A, 0x91, 0x00, 0xF9, 0x81, 0xEE, 0xF8, 0x47, 0x39, 0x04, 0x81, 0xFF, 0xF8, 0x8A, 0x83,
  0xB1, 0xFE, 0xF8, 0x67, 0xB9, 0x71, 0xB1, 0xEB, 0xF8, 0xCD, 0x0B, 0x0C, 0x1E, 0xDD, 0x05, 0xBD,
  0x08, 0xA8, 0x41, 0xE5, 0xF6, 0xFF, 0x2D, 0x0A, 0x1D, 0xF0, 0x81, 0xF8, 0xF8, 0xA1, 0xF8, 0xF8,
  0x8A, 0x83, 0x87, 0x3A, 0x6A, 0x91, 0xF7, 0xF8, 0x81, 0xE9, 0xF8, 0x9A, 0x97, 0x97, 0xBA, 0x02,
  0x06, 0x25, 0x00, 0xB1, 0xF5, 0xF8, 0xA1, 0xF5, 0xF8, 0xDD, 0x07, 0xCD, 0x03, 0x25, 0xF1, 0xFF,
  0x56, 0xCA, 0x0A, 0x56, 0x16, 0xFD, 0x61, 0xDA, 0xF8, 0xB1, 0xDA, 0xF8, 0xDD, 0x07, 0xCD, 0x03,
  0x60, 0xA6, 0x20, 0xE5, 0xEF, 0xFF, 0x0C, 0x12, 0x16, 0xCA, 0xFB, 0xA1, 0xE6, 0xF8, 0x60, 0x63,
  0xC0, 0x81, 0xD5, 0xF8, 0x67, 0x3A, 0x05, 0x81, 0xEA, 0xF8, 0x80, 0x83, 0x80, 0x91, 0xE9, 0xF8,
  0x9A, 0x97, 0x97, 0x3A, 0x12, 0xB1, 0xE6, 0xF8, 0xBA, 0xB7, 0x0C, 0x1E, 0xDD, 0x05, 0xCD, 0x08,
  0x87, 0x2B, 0x8D, 0x86, 0xE0, 0xFF, 0x00, 0x00, 0xB1, 0xCD, 0xF8, 0x86, 0xDE, 0xFF, 0x00, 0x00,
  0x91, 0xE2, 0xF8, 0x7C, 0xF8, 0x9A, 0x93, 0x80, 0x83, 0xC5, 0x97, 0x38, 0x14, 0x91, 0xDF, 0xF8,
  0x90, 0x97, 0x80, 0x22, 0xA0, 0x01, 0x97, 0x38, 0x02, 0xC6, 0xDA, 0xFF, 0x81, 0xC8, 0xF8, 0x46,
  0x05, 0x00, 0x7C, 0xB9, 0x40, 0x99, 0x01, 0x9A, 0x93, 0x97, 0x38, 0xEF, 0x91, 0xD9, 0xF8, 0x46,
  0xF7, 0xFF, 0x00, 0x00, 0x00, 0x81, 0xBF, 0xF8, 0x16, 0xE5, 0x01, 0x82, 0x61, 0x05, 0xA5, 0xE5,
  0xFE, 0x82, 0x21, 0x05, 0xBD, 0x0A, 0xD8, 0x41, 0xC1, 0xAD, 0xF8, 0xA1, 0xD2, 0xF8, 0x89, 0x01,
  0xFD, 0x07, 0xED, 0x03, 0x81, 0x3C, 0xF8, 0xE0, 0x08, 0x00, 0x0C, 0x02, 0x06, 0xCA, 0xFF, 0x00,
  0x81, 0xB6, 0xF8, 0x46, 0xF4, 0xFF, 0x0C, 0x12, 0x06, 0xC7, 0xFF, 0x00, 0x36, 0x41, 0x00, 0x82,
  0x02, 0x1B, 0x7D, 0x02, 0x8C, 0x98, 0xFC, 0x44, 0x82, 0x27, 0x37, 0x82, 0xC8, 0x20, 0x82, 0x67,
  0x37, 0x72, 0x27, 0x37, 0x22, 0xA0, 0x00, 0x77, 0xB3, 0x3E, 0x56, 0x65, 0x01, 0xA5, 0xE0, 0xFE,
  0xA0, 0xBA, 0x20, 0xC1, 0x9A, 0xF8, 0xA1, 0xC0, 0xF8, 0x30, 0xE3, 0x20, 0xDD, 0x07, 0x81, 0x29,
  0xF8, 0xE0, 0x08, 0x00, 0x0C, 0x22, 0x22, 0xD2, 0x20, 0x06, 0x07, 0x00, 0x00, 0x00, 0xA2, 0x22,
  0x00, 0x82, 0x22, 0x37, 0xB2, 0xA0, 0xE0, 0xB0, 0xB2, 0x80, 0xD2, 0xA0, 0x01, 0x2C, 0x0C, 0x8A,
  0xAA, 0x65, 0x1E, 0xFF, 0x2D, 0x0A, 0x16, 0xEA, 0xFA, 0x1D, 0xF0, 0x00, 0x36, 0x41, 0x00, 0xA2,
  0xA0, 0x00, 0x81, 0x72, 0xF8, 0xE0, 0x08, 0x00, 0x82, 0xAF, 0xDF, 0x7C, 0x1B, 0x70, 0x88, 0x01,
  0x7C, 0xF9, 0x60, 0xBB, 0x01, 0x8A, 0x82, 0x90, 0x97, 0x41, 0xBA, 0xB2, 0x80, 0x89, 0x62, 0xB0,
  0x99, 0x62, 0x0B, 0x88, 0x0B, 0x99, 0x80, 0x80, 0x60, 0x90, 0x90, 0x60, 0x90, 0x98, 0x20, 0x7C,
  0xF8, 0x80, 0x84, 0x41, 0x20, 0x88, 0x62, 0x0B, 0x88, 0x80, 0x80, 0x60, 0x90, 0x88, 0x20, 0x7D,
  0x02, 0x80, 0x20, 0x74, 0xDC, 0xA2, 0x66, 0x5A, 0x1D, 0x81, 0x9B, 0xF8, 0x7C, 0xF9, 0x8A, 0x87,
  0x90, 0x93, 0xC5, 0x87, 0xB9, 0x09, 0x7C, 0xB8, 0x40, 0x88, 0x01, 0x8A, 0x77, 0x70, 0x29, 0x62,
  0x1D, 0xF0, 0x0C, 0x02, 0x06, 0xFE, 0xFF, 0x0C, 0x12, 0xC6, 0xFC, 0xFF, 0x36, 0xC1, 0x00, 0x98,
  0x02, 0x82, 0x22, 0x37, 0x69, 0x51, 0x8A, 0x89, 0x89, 0x91, 0x80, 0xF6, 0x40, 0x80, 0x85, 0x41,
  0x89, 0x61, 0x82, 0xA0, 0x9C, 0x8A, 0x82, 0x89, 0x71, 0x68, 0x91, 0x0C, 0x08, 0x49, 0xC1, 0x7D,
  0x02, 0x59, 0x41, 0x39, 0x81, 0x42, 0xC2, 0x1C, 0x89, 0x01, 0x82, 0x07, 0x05, 0x98, 0x01, 0x87,
  0x29, 0x21, 0x88, 0x07, 0x87, 0x36, 0x02, 0x46, 0x9E, 0x00, 0x88, 0x81, 0x56, 0x58, 0x07, 0xA5,
  0xD1, 0xFE, 0xBD, 0x0A, 0xC1, 0x5E, 0xF8, 0xA1, 0x8B, 0xF8, 0x81, 0xEE, 0xF7, 0xE0, 0x08, 0x00,
  0x46, 0x18, 0x00, 0x00, 0xD2, 0xA0, 0x01, 0xC2, 0xA0, 0x08, 0xBD, 0x04, 0xAD, 0x06, 0xA5, 0x10,
  0xFF, 0x2D, 0x0A, 0x9C, 0x3A, 0x25, 0xCF, 0xFE, 0xBD, 0x0A, 0xC1, 0x54, 0xF8, 0xA1, 0x7B, 0xF8,
  0xDD, 0x06, 0x81, 0xE4, 0xF7, 0xE0, 0x08, 0x00, 0x1D, 0xF0, 0x82, 0x21, 0x04, 0x16, 0x98, 0x00,
  0xC2, 0xA0, 0x08, 0xBD, 0x04, 0xAD, 0x08, 0xA5, 0xA5, 0xFF, 0x32, 0x24, 0x01, 0x82, 0xC6, 0x08,
  0x82, 0x61, 0x02, 0x30, 0x80, 0x14, 0xAC, 0x38, 0x88, 0x81, 0x56, 0x78, 0x01, 0xA5, 0xCB, 0xFE,
  0x88, 0x01, 0xBD, 0x0A, 0x70, 0x78, 0xB0, 0xD8, 0x87, 0xC1, 0x44, 0xF8, 0xA1, 0x6D, 0xF8, 0x81,
  0xD5, 0xF7, 0xE0, 0x08, 0x00, 0x0C, 0x22, 0x22, 0xD2, 0x20, 0x86, 0xEE, 0xFF, 0x0C, 0x18, 0x00,
  0x88, 0x11, 0x58, 0x04, 0x82, 0x67, 0x41, 0x82, 0xAF, 0xDF, 0x70, 0x88, 0x01, 0x7C, 0xF9, 0x8A,
  0x85, 0x90, 0x97, 0x41, 0x80, 0x89, 0x62, 0x0B, 0x88, 0x80, 0x80, 0x60, 0x80, 0x80, 0x74, 0xDC,
  0x28, 0x7C, 0x18, 0x60, 0x88, 0x01, 0x8A, 0x85, 0x80, 0x89, 0x62, 0x0B, 0x88, 0x80, 0x80, 0x60,
  0x80, 0x80, 0x74, 0xAC, 0xB8, 0x88, 0x21, 0x80, 0x85, 0x30, 0x80, 0x80, 0xF4, 0xAC, 0x18, 0x88,
  0x81, 0x56, 0x08, 0xFB, 0x25, 0xC5, 0xFE, 0xBD, 0x0A, 0xF8, 0x21, 0xD8, 0x01, 0xC1, 0x2B, 0xF8,
  0xA1, 0x55, 0xF8, 0x50, 0xE5, 0x20, 0x81, 0xBB, 0xF7, 0xE0, 0x08, 0x00, 0x46, 0xE5, 0xFF, 0x00,
  0x00, 0x00, 0x82, 0x21, 0x0C, 0x62, 0xA0, 0x00, 0x16, 0xC8, 0x00, 0xAD, 0x05, 0xE5, 0xE5, 0xFF,
  0x6D, 0x0A, 0x8C, 0x03, 0xFC, 0xEA, 0x2D, 0x06, 0xA5, 0x1F, 0xFF, 0x82, 0xA0, 0x01, 0x80, 0x66,
  0x30, 0x82, 0x21, 0x06, 0x92, 0x21, 0x04, 0x60, 0x88, 0x10, 0x89, 0xB1, 0x88, 0x21, 0xA9, 0xA1,
  0x89, 0x31, 0x88, 0x51, 0x90, 0x88, 0x20, 0x89, 0xD1, 0xFC, 0x33, 0x88, 0x71, 0x98, 0x21, 0x99,
  0x08, 0x88, 0x01, 0x68, 0x14, 0x1B, 0x88, 0x89, 0x01, 0x88, 0x71, 0x6A, 0x69, 0x4B, 0x88, 0x89,
  0x71, 0x8B, 0x44, 0xC6, 0xAC, 0xFF, 0xA2, 0x21, 0x00, 0xE2, 0xA0, 0x00, 0xD2, 0xA0, 0x01, 0x3A,
  0xC5, 0xBD, 0x05, 0xE5, 0xC2, 0xFF, 0x6D, 0x0A, 0x16, 0x9A, 0xF2, 0x0C, 0x12, 0xC6, 0xE9, 0xFF,
  0x82, 0x21, 0x03, 0x80, 0x90, 0xF4, 0x82, 0xA0, 0x01, 0x90, 0x89, 0x83, 0x98, 0xA1, 0x97, 0xB8,
  0x3F, 0x80, 0x89, 0xC0, 0x00, 0x68, 0x11, 0x7C, 0xF9, 0x80, 0x80, 0xF5, 0x80, 0x69, 0x93, 0x30,
  0x86, 0x63, 0x89, 0x11, 0x88, 0xB1, 0x56, 0xA8, 0x05, 0xB8, 0x11, 0xA2, 0x21, 0x03, 0xE5, 0xEE,
  0xFE, 0x6D, 0x0A, 0xFC, 0x2A, 0x25, 0xB9, 0xFE, 0xBD, 0x0A, 0xE8, 0x11, 0xD8, 0x31, 0xC1, 0xFB,
  0xF7, 0xA1, 0x26, 0xF8, 0x7C, 0xF2, 0x81, 0x8B, 0xF7, 0xE0, 0x08, 0x00, 0x06, 0xA6, 0xFF, 0x00,
  0x00, 0x65, 0xB7, 0xFE, 0xBD, 0x0A, 0xC1, 0xF5, 0xF7, 0xA1, 0x1F, 0xF8, 0x22, 0xA1, 0x01, 0x81,
  0x85, 0xF7, 0xE0, 0x08, 0x00, 0xC6, 0x9F, 0xFF, 0x00, 0x82, 0x21, 0x0D, 0xA1, 0x1D, 0xF8, 0x56,
  0x78, 0x02, 0xC2, 0x21, 0x01, 0xBD, 0x06, 0xAD, 0x05, 0x81, 0x76, 0xF7, 0xE0, 0x08, 0x00, 0xAD,
  0x06, 0x65, 0xF3, 0xFE, 0x88, 0x31, 0x98, 0x11, 0x9A, 0x88, 0x89, 0x31, 0x90, 0x33, 0xC0, 0x86,
  0xCD, 0xFF, 0x0C, 0x8B, 0x65, 0x11, 0xFF, 0xA1, 0x12, 0xF8, 0x98, 0x0A, 0x16, 0x29, 0xFF, 0x92,
  0x2A, 0x01, 0x16, 0xC9, 0xFE, 0x88, 0x01, 0x56, 0x28, 0x07, 0x98, 0x07, 0x16, 0xD9, 0x06, 0xA1,
  0xE2, 0xF7, 0xA8, 0x0A, 0xA7, 0x19, 0x65, 0xB2, 0x16, 0x59, 0xA2, 0x16, 0x58, 0x25, 0xC7, 0xFE,
  0x16, 0x9A, 0x05, 0xA9, 0x01, 0xAD, 0x06, 0x25, 0xEF, 0xFE, 0x28, 0x01, 0x06, 0x86, 0xFF, 0x88,
  0x51, 0x9A, 0xA6, 0xA8, 0x0A, 0x8C, 0x58, 0xB8, 0x08, 0xA0, 0xBB, 0x30, 0xB9, 0x08, 0x8C, 0xD2,
  0x81, 0x00, 0xF8, 0x27, 0x69, 0x31, 0xB8, 0x08, 0x9A, 0xC5, 0xB0, 0xAA, 0x30, 0xA9, 0x0C, 0x88,
  0x41, 0x9C, 0x98, 0x90, 0xA0, 0x94, 0xDC, 0x4A, 0x88, 0x11, 0xA2, 0xA4, 0x00, 0x90, 0xC8, 0xC0,
  0xA0, 0xCC, 0x63, 0xA8, 0x41, 0x9A, 0xB6, 0x99, 0xE1, 0x65, 0x84, 0xFF, 0x98, 0xE1, 0x4B, 0x99,
  0x88, 0x11, 0x87, 0x39, 0xB9, 0x86, 0xD9, 0xFF, 0xB8, 0x18, 0x86, 0xF2, 0xFF, 0x0C, 0x09, 0x46,
  0xFB, 0xFF, 0x00, 0x00, 0x82, 0x27, 0x37, 0x98, 0x91, 0x0C, 0x02, 0x90, 0x88, 0xC0, 0x6A, 0x88,
  0x82, 0x67, 0x37, 0x46, 0x6C, 0xFF, 0x00, 0x00, 0x36, 0xC1, 0x00, 0x0C, 0x27, 0x20, 0x77, 0x62,
  0x0B, 0x77, 0x70, 0x70, 0x60, 0x70, 0x80, 0x74, 0x89, 0xC1, 0x0B, 0x62, 0x82, 0xA0, 0xEF, 0x60,
  0xF6, 0x40, 0x89, 0x91, 0x9D, 0x02, 0x60, 0x65, 0x41, 0x0C, 0x0F, 0xF6, 0x32, 0x02, 0xF2, 0xC1,
  0x24, 0x0C, 0x08, 0x0C, 0x1A, 0x2D, 0x08, 0x40, 0x2A, 0x83, 0x89, 0x81, 0x30, 0x8A, 0x83, 0x80,
  0x72, 0x20, 0x22, 0xA1, 0x02, 0x56, 0xB7, 0x0A, 0xB8, 0x03, 0x0C, 0x0C, 0x9C, 0x5B, 0x81, 0xAE,
  0xF7, 0x88, 0x08, 0xB0, 0x88, 0xC0, 0x80, 0xA7, 0x83, 0x88, 0xC1, 0xA0, 0xA8, 0x10, 0x8C, 0x3A,
  0x7D, 0x0A, 0xC2, 0xC1, 0x20, 0xD2, 0x21, 0x0C, 0x60, 0xE6, 0x20, 0xAD, 0x04, 0x99, 0xD1, 0xF9,
  0xF1, 0xE5, 0x98, 0xFF, 0x2D, 0x0A, 0x56, 0x3A, 0x0E, 0x98, 0xD1, 0x0C, 0x1C, 0x82, 0xC9, 0xFE,
  0x58, 0x81, 0x80, 0xCC, 0x62, 0xE8, 0xF1, 0x0B, 0xCC, 0xDD, 0x05, 0xC0, 0xC0, 0x60, 0xBD, 0x06,
  0xAD, 0x04, 0x99, 0xE1, 0x89, 0xD1, 0x65, 0xCA, 0xFF, 0x2D, 0x0A, 0x56, 0xEA, 0x0B, 0x98, 0xE1,
  0x0C, 0x1E, 0xF6, 0x39, 0x08, 0xE1, 0x8F, 0xF7, 0xE0, 0x6E, 0x40, 0xE0, 0xE0, 0x04, 0xB8, 0x91,
  0xDD, 0x06, 0xCD, 0x04, 0xAD, 0x05, 0x65, 0x89, 0xFF, 0x2D, 0x0A, 0x56, 0xEA, 0x09, 0xC8, 0xC1,
  0xB8, 0x13, 0xDD, 0x06, 0x40, 0xA4, 0x20, 0x65, 0xBA, 0xFF, 0x2D, 0x0A, 0x56, 0xDA, 0x08, 0x8C,
  0x35, 0xEC, 0x47, 0x56, 0x15, 0x0A, 0x88, 0xD1, 0xF6, 0x28, 0x18, 0x61, 0xB5, 0xF7, 0x98, 0x06,
  0x9C, 0x09, 0x98, 0x16, 0x8C, 0xC9, 0x72, 0xC4, 0x1C, 0x0C, 0x05, 0x92, 0x04, 0x05, 0x97, 0xA5,
  0x02, 0x46, 0x25, 0x00, 0x1D, 0xF0, 0x00, 0x00, 0x00, 0x91, 0x7A, 0xF7, 0x90, 0x69, 0x40, 0x07,
  0xE9, 0x75, 0xC2, 0xA0, 0x20, 0xB2, 0xA0, 0x00, 0xAD, 0x01, 0x81, 0x2F, 0xF7, 0xE0, 0x08, 0x00,
  0xBD, 0x01, 0xAD, 0x05, 0x25, 0x73, 0xFF, 0xC1, 0xA8, 0xF7, 0x2C, 0x0B, 0xAD, 0x01, 0x72, 0xA0,
  0xE0, 0xE5, 0x6D, 0xFF, 0x7A, 0x74, 0x2C, 0x0C, 0xBD, 0x01, 0xAD, 0x07, 0x81, 0xA6, 0xF7, 0xE0,
  0x08, 0x00, 0xCC, 0x3A, 0x29, 0x81, 0x06, 0xE7, 0xFF, 0xE5, 0x95, 0xFE, 0xA0, 0xBA, 0x20, 0xC1,
  0x6F, 0xF7, 0xA1, 0x9E, 0xF7, 0x81, 0xFF, 0xF6, 0xE0, 0x08, 0x00, 0xC1, 0x9D, 0xF7, 0xB2, 0xA0,
  0x20, 0xAD, 0x07, 0xE5, 0x6A, 0xFF, 0x29, 0x81, 0x0C, 0x22, 0x22, 0xD2, 0x20, 0xA2, 0x21, 0x08,
  0x16, 0x5A, 0x00, 0xB2, 0xA0, 0x00, 0x25, 0x6E, 0xFF, 0xB2, 0xA1, 0x08, 0xAD, 0x04, 0x81, 0x4F,
  0xF7, 0xE0, 0x08, 0x00, 0x06, 0xDF, 0xFF, 0x00, 0xB2, 0xA0, 0x00, 0x50, 0xA5, 0x20, 0xA5, 0x6C,
  0xFF, 0x92, 0xA0, 0x00, 0x99, 0x81, 0x06, 0xD3, 0xFF, 0x00, 0x32, 0x27, 0x00, 0x30, 0xA3, 0x20,
  0xA5, 0xB3, 0xFF, 0x56, 0x7A, 0x02, 0x1B, 0x55, 0x8B, 0x77, 0x46, 0xD3, 0xFF, 0x30, 0xB9, 0xA0,
  0xA8, 0x0B, 0x07, 0x69, 0x13, 0xC8, 0x06, 0xC0, 0xAA, 0x30, 0xA9, 0x0B, 0x1B, 0x99, 0xA8, 0x17,
  0xA0, 0xA2, 0x41, 0xA7, 0x39, 0xE6, 0x06, 0xF7, 0xFF, 0xC8, 0x16, 0x06, 0xFA, 0xFF, 0x0C, 0x09,
  0x86, 0xFA, 0xFF, 0x00, 0x36, 0x41, 0x00, 0xBD, 0x02, 0xCD, 0x03, 0x0C, 0x2A, 0xA5, 0xE3, 0xFF,
  0x2D, 0x0A, 0x1D, 0xF0, 0x36, 0x41, 0x00, 0xBD, 0x02, 0xCD, 0x03, 0x0C, 0x3A, 0xA5, 0xE2, 0xFF,
  0x2D, 0x0A, 0x1D, 0xF0, 0x36, 0x41, 0x01, 0x81, 0xCA, 0xF6, 0xD1, 0x7D, 0xF7, 0x88, 0x08, 0xE1,
  0x7D, 0xF7, 0x58, 0x18, 0x0C, 0x08, 0x30, 0x30, 0x74, 0x89, 0x04, 0x20, 0x72, 0x20, 0x62, 0xA0,
  0x00, 0x92, 0x17, 0x00, 0xD7, 0x99, 0x4D, 0x98, 0x17, 0x97, 0xB5, 0x21, 0x9C, 0x83, 0xA5, 0x88,
  0xFE, 0x59, 0x01, 0xBD, 0x0A, 0xF8, 0x27, 0xE8, 0x17, 0xC1, 0x6B, 0xF7, 0xA1, 0x6C, 0xF7, 0x60,
  0xD6, 0x20, 0x81, 0xC8, 0xF6, 0xE0, 0x08, 0x00, 0x22, 0xA1, 0x04, 0x06, 0x2B, 0x00, 0xA2, 0x27,
  0x02, 0xA0, 0x99, 0x80, 0x97, 0x35, 0xD4, 0x62, 0xC6, 0x01, 0x92, 0xA0, 0x60, 0x72, 0xC7, 0x20,
  0x97, 0x96, 0xBD, 0xAC, 0x93, 0x25, 0x85, 0xFE, 0xBD, 0x0A, 0xC1, 0x5F, 0xF7, 0xA1, 0x63, 0xF7,
  0x86, 0x05, 0x00, 0x00, 0x00, 0xE7, 0x99, 0x74, 0x16, 0xC8, 0x01, 0x16, 0x13, 0x01, 0xA5, 0x83,
  0xFE, 0xA0, 0xBA, 0x20, 0xC1, 0x59, 0xF7, 0xA1, 0x5A, 0xF7, 0x81, 0xB6, 0xF6, 0xE0, 0x08, 0x00,
  0x22, 0xA1, 0x03, 0x06, 0x19, 0x00, 0x00, 0x00, 0xA2, 0xC1, 0x10, 0x81, 0x5B, 0xF7, 0xE0, 0x08,
  0x00, 0x60, 0xC0, 0xF4, 0xB0, 0xCC, 0x11, 0x20, 0xB2, 0x20, 0xA2, 0xC1, 0x10, 0x81, 0x57, 0xF7,
  0xE0, 0x08, 0x00, 0xB2, 0xC1, 0x10, 0xA2, 0xC1, 0x68, 0x81, 0x55, 0xF7, 0xE0, 0x08, 0x00, 0xC2,
  0xA0, 0x10, 0xB2, 0xC1, 0x68, 0xA2, 0xC7, 0x10, 0x81, 0x47, 0xF7, 0xE0, 0x08, 0x00, 0xD1, 0x4C,
  0xF7, 0xE1, 0x4C, 0xF7, 0x16, 0x0A, 0x01, 0x16, 0x53, 0xFB, 0xE5, 0x7D, 0xFE, 0xBD, 0x0A, 0xC1,
  0x42, 0xF7, 0xA1, 0x44, 0xF7, 0x46, 0xE8, 0xFF, 0x0C, 0x18, 0x46, 0xDA, 0xFF, 0x8C, 0xC6, 0x98,
  0x07, 0x66, 0x09, 0x08, 0x80, 0x86, 0xC0, 0x89, 0x04, 0x0C, 0x02, 0x1D, 0xF0, 0x16, 0xF3, 0xF8,
  0x65, 0x7B, 0xFE, 0xBD, 0x0A, 0xE2, 0x17, 0x00, 0xC1, 0x38, 0xF7, 0xA1, 0x3B, 0xF7, 0xDD, 0x06,
  0x81, 0x95, 0xF6, 0xE0, 0x08, 0x00, 0x86, 0xDD, 0xFF, 0x00, 0x00, 0x00, 0x36, 0x41, 0x00, 0x91,
  0x3D, 0xF7, 0x82, 0xA1, 0x05, 0x97, 0x92, 0x01, 0x0C, 0x08, 0x2D, 0x08, 0x1D, 0xF0, 0x00, 0x00,
  0x36, 0x61, 0x00, 0x20, 0xF0, 0x60, 0x20, 0xFF, 0x10, 0xF0, 0xFF, 0x40, 0xF2, 0xCF, 0xE4, 0x82,
  0xA0, 0x00, 0xF0, 0xF0, 0x60, 0x82, 0x61, 0x00, 0xF0, 0xF0, 0x74, 0xE2, 0xA0, 0x08, 0x0C, 0x0D,
  0x0C, 0x0C, 0x0C, 0x0B, 0xA2, 0xA0, 0xC0, 0xE5, 0xD7, 0xFD, 0x0C, 0x02, 0x1D, 0xF0, 0x00, 0x00,
  0x36, 0x61, 0x00, 0x71, 0x2D, 0xF7, 0x20, 0xF0, 0x60, 0x20, 0xFF, 0x10, 0xC0, 0x20, 0x00, 0x88,
  0x07, 0xF0, 0xFF, 0x40, 0x0C, 0x19, 0x10, 0x99, 0x11, 0xF2, 0xCF, 0xE4, 0x90, 0x88, 0x20, 0xF0,
  0xF0, 0x60, 0xC0, 0x20, 0x00, 0x89, 0x07, 0xB0, 0xFF, 0x11, 0x0C, 0x08, 0x89, 0x01, 0xF0, 0xF0,
  0x74, 0x0C, 0x8E, 0x0C, 0x6D, 0x0C, 0x0C, 0xB2, 0xA0, 0x00, 0xA2, 0xA0, 0x77, 0x65, 0xD3, 0xFD,
  0xC0, 0x20, 0x00, 0x88, 0x07, 0x7C, 0xF9, 0x92, 0xD9, 0x80, 0x90, 0x88, 0x10, 0xC0, 0x20, 0x00,
  0x89, 0x07, 0x0C, 0x02, 0x1D, 0xF0, 0x00, 0x00, 0x36, 0x61, 0x00, 0x82, 0xA0, 0x00, 0x82, 0x61,
  0x00, 0xF2, 0xA0, 0x10, 0x0C, 0x8E, 0x0C, 0x0D, 0x0C, 0x0C, 0x0C, 0x0B, 0xA2, 0xA0, 0xC0, 0x65,
  0xD0, 0xFD, 0x0C, 0x02, 0x1D, 0xF0, 0x00, 0x00, 0x36, 0x61, 0x00, 0x71, 0x0F, 0xF7, 0x0C, 0x19,
  0xC0, 0x20, 0x00, 0x88, 0x07, 0x10, 0x99, 0x11, 0x90, 0x88, 0x20, 0xC0, 0x20, 0x00, 0x89, 0x07,
  0x0C, 0x08, 0x89, 0x01, 0x1C, 0x0F, 0x0C, 0x8E, 0x0C, 0x6D, 0x0C, 0x0C, 0x0C, 0x0B, 0xA2, 0xA0,
  0x77, 0x25, 0xCD, 0xFD, 0xC0, 0x20, 0x00, 0x88, 0x07, 0x7C, 0xF9, 0x92, 0xD9, 0x80, 0x90, 0x88,
  0x10, 0xC0, 0x20, 0x00, 0x89, 0x07, 0x0C, 0x02, 0x1D, 0xF0, 0x00, 0x00, 0x36, 0x41, 0x00, 0x81,
  0x44, 0xF6, 0x71, 0xFE, 0xF6, 0x88, 0x08, 0x0C, 0x02, 0x68, 0x08, 0x82, 0x07, 0x05, 0x92, 0x07,
  0x04, 0x80, 0x88, 0x11, 0x90, 0x88, 0x20, 0x92, 0x07, 0x06, 0x00, 0x99, 0x11, 0x80, 0x99, 0x20,
  0x82, 0x07, 0x07, 0x80, 0x88, 0x01, 0x90, 0x88, 0x20, 0x56, 0x78, 0x00, 0x81, 0xF5, 0xF6, 0x79,
  0x08, 0x1D, 0xF0, 0x00, 0xAD, 0x06, 0xE0, 0x08, 0x00, 0x2D, 0x0A, 0x16, 0xDA, 0xFE, 0x72, 0xC7,
  0x10, 0x86, 0xF1, 0xFF, 0x36, 0x41, 0x00, 0x81, 0xEE, 0xF6, 0xA8, 0x08, 0x92, 0x0A, 0x0D, 0x82,
  0x0A, 0x0C, 0x80, 0x99, 0x11, 0x80, 0x99, 0x20, 0x82, 0x0A, 0x0E, 0xA2, 0x0A, 0x0F, 0x00, 0x88,
  0x11, 0x90, 0x88, 0x20, 0x80, 0xAA, 0x01, 0x80, 0xAA, 0x20, 0xE0, 0x0A, 0x00, 0x2D, 0x0A, 0x1D,
  0xF0, 0x00, 0x00, 0x00, 0x36, 0x41, 0x00, 0x0C, 0x1A, 0x91, 0xE2, 0xF6, 0x20, 0xAA, 0x11, 0x82,
  0xA2, 0x00, 0x76, 0x88, 0x03, 0xA9, 0x09, 0x4B, 0x99, 0x91, 0xDE, 0xF6, 0x82, 0xA2, 0x00, 0x76,
  0x88, 0x03, 0xA9, 0x09, 0x4B, 0x99, 0x1D, 0xF0, 0x36, 0x41, 0x00, 0x81, 0xDB, 0xF6, 0xE0, 0x08,
  0x00, 0x25, 0xFD, 0xFF, 0x1D, 0xF0, 0x00, 0x00, 0x36, 0x41, 0x00, 0x4A, 0x43, 0x0C, 0x02, 0x17,
  0x65, 0x1E, 0x92, 0xAF, 0xDF, 0x70, 0x99, 0x01, 0x81, 0x6A, 0xF6, 0x9A, 0x93, 0x97, 0x38, 0x10,
  0x91, 0xD3, 0xF6, 0x9A, 0x94, 0x90, 0x28, 0x62, 0x22, 0xC2, 0xFF, 0x20, 0x20, 0x60, 0x20, 0x20,
  0x74, 0x07, 0x65, 0x21, 0x7C, 0x18, 0x60, 0x88, 0x01, 0x91, 0x61, 0xF6, 0x8A, 0x33, 0x0C, 0x08,
  0x37, 0x39, 0x0C, 0x81, 0xCB, 0xF6, 0x8A, 0x44, 0x40, 0x99, 0x62, 0x0B, 0x89, 0x80, 0x80, 0x60,
  0x80, 0x22, 0x20, 0x20, 0x20, 0x04, 0x1D, 0xF0, 0x36, 0x41, 0x00, 0xAD, 0x02, 0x50, 0x24, 0x20,
  0x20, 0x20, 0xF4, 0x8C, 0x12, 0xE5, 0x39, 0xFF, 0x82, 0xC6, 0xFF, 0x60, 0x95, 0x20, 0x50, 0x88,
  0x80, 0x90, 0x88, 0x20, 0x7C, 0xF9, 0x90, 0x92, 0x41, 0x87, 0x39, 0xE8, 0x0C, 0x3D, 0xCD, 0x06,
  0xBD, 0x04, 0x65, 0xF8, 0xFF, 0x16, 0xCA, 0xFD, 0x7C, 0xF8, 0x80, 0x80, 0xF5, 0x8A, 0x66, 0x60,
  0x80, 0xF5, 0x00, 0x88, 0x11, 0x89, 0x07, 0x0B, 0x33, 0x0C, 0x18, 0x60, 0x60, 0xF5, 0x30, 0x82,
  0x83, 0x00, 0x66, 0x11, 0x0C, 0x1B, 0xA1, 0xB3, 0xF6, 0x50, 0x50, 0xF5, 0x4A, 0x66, 0x10, 0x88,
  0x11, 0x00, 0xBB, 0x11, 0x67, 0x94, 0x01, 0x1D, 0xF0, 0x40, 0x90, 0x85, 0xAA, 0x99, 0x50, 0xC8,
  0x20, 0xE0, 0x99, 0x11, 0xC9, 0x09, 0xBA, 0x44, 0x1B, 0x55, 0x86, 0xF9, 0xFF, 0x00, 0x00, 0x00,
  0x36, 0x41, 0x00, 0xB1, 0xA9, 0xF6, 0x81, 0xA9, 0xF6, 0xC0, 0x20, 0x00, 0x98, 0x0B, 0xA1, 0xA8,
  0xF6, 0x90, 0x92, 0x04, 0x92, 0x48, 0x01, 0xC0, 0x20, 0x00, 0x98, 0x0A, 0x90, 0x92, 0x04, 0x92,
  0x48, 0x00, 0xC0, 0x20, 0x00, 0x98, 0x0B, 0x90, 0x92, 0x04, 0x92, 0x48, 0x03, 0xC0, 0x20, 0x00,
  0x98, 0x0A, 0x90, 0x92, 0x04, 0x92, 0x48, 0x02, 0x1D, 0xF0, 0x00, 0x00, 0x36, 0x41, 0x00, 0x25,
  0xFC, 0xFF, 0x81, 0x9A, 0xF6, 0xA2, 0x08, 0x00, 0x72, 0x08, 0x01, 0xE0, 0xAA, 0x11, 0x81, 0x99,
  0xF6, 0xE0, 0x08, 0x00, 0xE0, 0xA7, 0x11, 0x81, 0x98, 0xF6, 0xE0, 0x08, 0x00, 0x91, 0x22, 0xF6,
  0xB2, 0xAF, 0xFD, 0xC0, 0x20, 0x00, 0x82, 0x29, 0x00, 0xC2, 0xAF, 0xFE, 0xC0, 0x20, 0x00, 0x89,
  0x09, 0x81, 0x1E, 0xF6, 0xC0, 0x20, 0x00, 0xA8, 0x08, 0xB0, 0xAA, 0x10, 0xC0, 0x20, 0x00, 0xA9,
  0x08, 0xC0, 0x20, 0x00, 0xA8, 0x09, 0xC0, 0xAA, 0x10, 0xC0, 0x20, 0x00, 0xA9, 0x09, 0xC0, 0x20,
  0x00, 0xA8, 0x08, 0xC0, 0x20, 0x00, 0xA9, 0x08, 0xC0, 0x20, 0x00, 0xA8, 0x09, 0xC0, 0x20, 0x00,
  0xA9, 0x09, 0xC0, 0x20, 0x00, 0xA8, 0x08, 0xC0, 0xAA, 0x10, 0xC0, 0x20, 0x00, 0xA9, 0x08, 0xC0,
  0x20, 0x00, 0xA8, 0x09, 0xB0, 0xAA, 0x10, 0xC0, 0x20, 0x00, 0xA9, 0x09, 0xC0, 0x20, 0x00, 0x98,
  0x08, 0xC0, 0x20, 0x00, 0x99, 0x08, 0x1D, 0xF0, 0x36, 0x41, 0x00, 0x26, 0x12, 0x02, 0x65, 0x26,
  0xFF, 0x16, 0x13, 0x01, 0x66, 0x13, 0x08, 0x81, 0x79, 0xF6, 0xE0, 0x08, 0x00, 0x1D, 0xF0, 0x00,
  0x81, 0x77, 0xF6, 0xE0, 0x08, 0x00, 0x81, 0x76, 0xF6, 0xE0, 0x08, 0x00, 0x46, 0xFB, 0xFF, 0x00,
  0x36, 0x41, 0x00, 0x26, 0x12, 0x02, 0xE5, 0x23, 0xFF, 0x81, 0x6C, 0xF6, 0x72, 0x08, 0x01, 0x16,
  0x83, 0x01, 0xA2, 0x08, 0x00, 0xE0, 0xAA, 0x11, 0x66, 0x13, 0x09, 0x81, 0x6A, 0xF6, 0xE0, 0x08,
  0x00, 0x1D, 0xF0, 0x00, 0x00, 0x81, 0x67, 0xF6, 0xE0, 0x08, 0x00, 0xE0, 0xA7, 0x11, 0x81, 0x66,
  0xF6, 0xE0, 0x08, 0x00, 0x46, 0xFA, 0xFF, 0x00, 0x36, 0x41, 0x00, 0x20, 0x20, 0x74, 0x81, 0x67,
  0xF6, 0x16, 0x32, 0x0A, 0xA1, 0x64, 0xF6, 0x0C, 0x1B, 0xC0, 0x20, 0x00, 0x98, 0x0A, 0xD0, 0xBB,
  0x01, 0xB0, 0x99, 0x20, 0xC0, 0x20, 0x00, 0x99, 0x0A, 0xA1, 0x5F, 0xF6, 0xC0, 0x20, 0x00, 0x98,
  0x0A, 0xB0, 0x99, 0x20, 0xC0, 0x20, 0x00, 0x99, 0x0A, 0xC0, 0x20, 0x00, 0x98, 0x08, 0xA1, 0x5C,
  0xF6, 0xA0, 0x99, 0x10, 0xC0, 0x20, 0x00, 0x99, 0x08, 0xC0, 0x20, 0x00, 0x98, 0x08, 0xA1, 0x59,
  0xF6, 0xA0, 0x99, 0x10, 0x0C, 0x3A, 0xF0, 0xAA, 0x01, 0xA0, 0x99, 0x20, 0xC0, 0x20, 0x00, 0x99,
  0x08, 0xC0, 0x20, 0x00, 0x98, 0x08, 0xA1, 0x54, 0xF6, 0xA0, 0x99, 0x10, 0x0C, 0x3A, 0x30, 0xAA,
  0x11, 0xA0, 0x99, 0x20, 0xC0, 0x20, 0x00, 0x99, 0x08, 0xC0, 0x20, 0x00, 0x98, 0x08, 0x7C, 0xFA,
  0xA2, 0xDA, 0xE4, 0xA0, 0x99, 0x10, 0x0C, 0x3A, 0x60, 0xAA, 0x11, 0xA0, 0x99, 0x20, 0xC0, 0x20,
  0x00, 0x99, 0x08, 0xC0, 0x20, 0x00, 0x98, 0x08, 0xA2, 0xA2, 0x00, 0xA0, 0x99, 0x20, 0xC0, 0x20,
  0x00, 0x99, 0x08, 0xC0, 0x20, 0x00, 0x98, 0x08, 0x0C, 0x1A, 0x00, 0xAA, 0x11, 0xA0, 0x99, 0x20,
  0xC0, 0x20, 0x00, 0x99, 0x08, 0x1D, 0xF0, 0x00, 0xC0, 0x20, 0x00, 0x98, 0x08, 0xA2, 0xA0, 0x80,
  0xA0, 0x99, 0x20, 0xC0, 0x20, 0x00, 0x99, 0x08, 0xC0, 0x20, 0x00, 0x98, 0x08, 0xA1, 0x3B, 0xF6,
  0xA0, 0x99, 0x10, 0x46, 0xF6, 0xFF, 0x00, 0x00, 0x36, 0x41, 0x00, 0x71, 0x39, 0xF6, 0x3C, 0xFA,
  0xC0, 0x20, 0x00, 0x88, 0x07, 0x20, 0x20, 0x74, 0x91, 0x37, 0xF6, 0x30, 0x30, 0x74, 0xA2, 0xDA,
  0xC0, 0xBC, 0x82, 0xB2, 0xAF, 0xBF, 0xB0, 0x88, 0x10, 0xC0, 0x20, 0x00, 0x89, 0x07, 0xC0, 0x20,
  0x00, 0x88, 0x09, 0xA0, 0x88, 0x10, 0xA2, 0xA1, 0x40, 0xA0, 0x88, 0x20, 0xC0, 0x20, 0x00, 0x89,
  0x09, 0x3C, 0x2A, 0x81, 0x67, 0xF5, 0xE0, 0x08, 0x00, 0xC0, 0x20, 0x00, 0x88, 0x07, 0xAC, 0xB3,
  0x92, 0xAF, 0x7F, 0x90, 0x88, 0x10, 0xC0, 0x20, 0x00, 0x89, 0x07, 0x1D, 0xF0, 0x4C, 0x0B, 0xB0,
  0x88, 0x20, 0xC0, 0x20, 0x00, 0x89, 0x07, 0xC0, 0x20, 0x00, 0x88, 0x09, 0xA0, 0x88, 0x10, 0xA2,
  0xA5, 0x00, 0xA0, 0x88, 0x20, 0xC0, 0x20, 0x00, 0x89, 0x09, 0xC6, 0xF2, 0xFF, 0x92, 0xA0, 0x80,
  0x90, 0x88, 0x20, 0xC6, 0xF3, 0xFF, 0x00, 0x00, 0x36, 0x41, 0x00, 0x81, 0x19, 0xF6, 0x26, 0x12,
  0x23, 0x26, 0x22, 0x53, 0x56, 0x82, 0x06, 0xC0, 0x20, 0x00, 0x98, 0x08, 0xE0, 0x99, 0x11, 0x90,
  0x92, 0x41, 0xC0, 0x20, 0x00, 0x99, 0x08, 0xC0, 0x20, 0x00, 0x98, 0x08, 0xA2, 0xAE, 0xFF, 0xA0,
  0x99, 0x10, 0x86, 0x08, 0x00, 0xC0, 0x20, 0x00, 0x98, 0x08, 0x0C, 0x1A, 0xE0, 0x99, 0x11, 0x20,
  0xAA, 0x01, 0x90, 0x92, 0x41, 0xA0, 0x99, 0x20, 0xC0, 0x20, 0x00, 0x99, 0x08, 0xC0, 0x20, 0x00,
  0x98, 0x08, 0xA2, 0xA1, 0x00, 0xA0, 0x99, 0x20, 0xC0, 0x20, 0x00, 0x99, 0x08, 0xA2, 0xA1, 0x2C,
  0x81, 0x40, 0xF5, 0xE0, 0x08, 0x00, 0x1D, 0xF0, 0xC0, 0x20, 0x00, 0x98, 0x08, 0x7C, 0xFA, 0xE0,
  0x99, 0x11, 0x90, 0x92, 0x41, 0x10, 0xAA, 0x01, 0xA0, 0x99, 0x20, 0xC6, 0xE8, 0xFF, 0x00, 0x00,
  0x25, 0x04, 0xFF, 0x00, 0x36, 0x41, 0x00, 0x81, 0xFA, 0xF5, 0xC0, 0x20, 0x00, 0x22, 0x28, 0x00,
  0x20, 0x2E, 0x15, 0x26, 0x12, 0x08, 0x26, 0x22, 0x05, 0x16, 0x22, 0x00, 0x65, 0x02, 0xFF, 0x90,
  0x00, 0x00, 0x00, 0x00, 0x36, 0x41, 0x00, 0x0C, 0x12, 0xA5, 0xFD, 0xFF, 0x10, 0x22, 0x11, 0x26,
  0x1A, 0x08, 0x21, 0xF2, 0xF5, 0x26, 0x2A, 0x02, 0x21, 0xF0, 0xF5, 0x1D, 0xF0, 0x00, 0x00, 0x00,
  0x36, 0x41, 0x00, 0x81, 0xEB, 0xF5, 0x8C, 0x72, 0x26, 0x12, 0x20, 0x10, 0x11, 0x20, 0x65, 0xFF,
  0xFE, 0xC0, 0x20, 0x00, 0x98, 0x08, 0xA1, 0x17, 0xF5, 0xA0, 0x99, 0x10, 0xC0, 0x20, 0x00, 0x99,
  0x08, 0x0C, 0x3A, 0x81, 0x1F, 0xF5, 0xE0, 0x08, 0x00, 0x1D, 0xF0, 0x00, 0xC0, 0x20, 0x00, 0x98,
  0x08, 0x0C, 0x1A, 0x30, 0xAA, 0x01, 0xA0, 0x99, 0x20, 0xC6, 0xF7, 0xFF, 0x36, 0x41, 0x00, 0x81,
  0xDC, 0xF5, 0xC0, 0x20, 0x00, 0x28, 0x08, 0x20, 0x2D, 0x05, 0x1D, 0xF0, 0x36, 0x41, 0x00, 0xE5,
  0xEB, 0xFD, 0x82, 0xC2, 0xFF, 0x20, 0x72, 0x20, 0xA7, 0xB8, 0x1E, 0x20, 0x8A, 0xC2, 0x80, 0x91,
  0x41, 0xA0, 0x99, 0x80, 0x80, 0x99, 0xC2, 0x0C, 0x02, 0x97, 0x97, 0x0B, 0x0C, 0x09, 0x99, 0x03,
  0xA9, 0x13, 0x89, 0x23, 0x79, 0x33, 0x0C, 0x12, 0x1D, 0xF0, 0x5C, 0x08, 0x87, 0x12, 0x18, 0x82,
  0xA0, 0xA0, 0x87, 0x12, 0x17, 0x82, 0xA0, 0xF0, 0x0C, 0x02, 0x87, 0x97, 0xEA, 0x0C, 0x28, 0x0C,
  0x19, 0xA2, 0xA1, 0xE0, 0x86, 0xF5, 0xFF, 0x00, 0x0C, 0x68, 0x46, 0xFC, 0xFF, 0x0C, 0x38, 0x06,
  0xFB, 0xFF, 0x00, 0x00, 0x36, 0x41, 0x00, 0x91, 0x0A, 0xF5, 0x81, 0xC5, 0xF5, 0xC0, 0x20, 0x00,
  0xA2, 0x29, 0x00, 0x87, 0xCA, 0x05, 0x82, 0xA0, 0x01, 0x80, 0x22, 0x20, 0x20, 0x80, 0xF4, 0x00,
  0x22, 0x11, 0x20, 0x88, 0x20, 0xC0, 0x20, 0x00, 0x89, 0x09, 0x1D, 0xF0, 0x36, 0x61, 0x00, 0x71,
  0xBD, 0xF5, 0x20, 0x8F, 0x31, 0x70, 0x72, 0xB2, 0xAD, 0x01, 0x70, 0x75, 0x21, 0x80, 0x77, 0xC0,
  0x65, 0xE5, 0xFD, 0x68, 0x31, 0x27, 0xB6, 0x5F, 0x82, 0xA0, 0xF0, 0x87, 0x92, 0x35, 0x81, 0xB6,
  0xF5, 0x0C, 0x0E, 0xF2, 0x08, 0x00, 0x0C, 0x4D, 0x0C, 0x4C, 0x0C, 0x1B, 0xA2, 0xA0, 0x6D, 0x81,
  0xFD, 0xF4, 0xE0, 0x08, 0x00, 0x81, 0xB1, 0xF5, 0xA2, 0xA0, 0x6D, 0xF2, 0x08, 0x00, 0x0C, 0x0E,
  0x0C, 0x4D, 0x0C, 0x6C, 0x0C, 0x1B, 0x81, 0xF7, 0xF4, 0xE0, 0x08, 0x00, 0x2C, 0x8A, 0x81, 0xE0,
  0xF4, 0xE0, 0x08, 0x00, 0xA1, 0xF1, 0xF4, 0xB1, 0xF1, 0xF4, 0xC0, 0x20, 0x00, 0x92, 0x2A, 0x00,
  0x82, 0xA0, 0x07, 0x00, 0x07, 0x40, 0x80, 0x80, 0xB1, 0x30, 0x88, 0x11, 0xB0, 0x99, 0x10, 0x90,
  0x88, 0x20, 0xC0, 0x20, 0x00, 0x82, 0x6A, 0x00, 0x92, 0xA0, 0xA0, 0x81, 0xE3, 0xF4, 0x97, 0x92,
  0x02, 0xC6, 0x2E, 0x00, 0x92, 0xA0, 0xF0, 0x97, 0x92, 0x02, 0x86, 0x31, 0x00, 0x5C, 0x09, 0x97,
  0x12, 0x02, 0x86, 0x33, 0x00, 0xC0, 0x20, 0x00, 0x98, 0x08, 0x7C, 0xCA, 0xA0, 0x99, 0x10, 0xC0,
  0x20, 0x00, 0x99, 0x08, 0x91, 0xD8, 0xF4, 0xA2, 0xAC, 0x00, 0xC0, 0x20, 0x00, 0x88, 0x09, 0xA0,
  0x88, 0x10, 0xC0, 0x20, 0x00, 0x89, 0x09, 0xC0, 0x20, 0x00, 0x88, 0x09, 0x7C, 0xFA, 0xA2, 0xDA,
  0xF4, 0xA0, 0x88, 0x10, 0xA2, 0xA4, 0x00, 0xA0, 0x88, 0x20, 0xA1, 0x8D, 0xF5, 0xC0, 0x20, 0x00,
  0x89, 0x09, 0xE5, 0xE3, 0xFD, 0xAD, 0x02, 0x81, 0xD2, 0xF4, 0xE0, 0x08, 0x00, 0x67, 0xB2, 0x5C,
  0x82, 0xA0, 0xF0, 0x87, 0x96, 0x35, 0x81, 0xCA, 0xF4, 0x0C, 0x0E, 0xF2, 0x08, 0x00, 0x0C, 0x4D,
  0x0C, 0x4C, 0x0C, 0x1B, 0xA2, 0xA0, 0x6D, 0x81, 0xCB, 0xF4, 0xE0, 0x08, 0x00, 0x81, 0xC5, 0xF4,
  0xA2, 0xA0, 0x6D, 0xF2, 0x08, 0x00, 0x0C, 0x0E, 0x0C, 0x4D, 0x0C, 0x6C, 0x0C, 0x1B, 0x81, 0xC5,
  0xF4, 0xE0, 0x08, 0x00, 0x2C, 0x8A, 0x81, 0xAE, 0xF4, 0xE0, 0x08, 0x00, 0xA1, 0xBF, 0xF4, 0xB1,
  0xBF, 0xF4, 0xC0, 0x20, 0x00, 0x98, 0x0A, 0x0C, 0x78, 0x00, 0x07, 0x40, 0x80, 0x80, 0xB1, 0x30,
  0x88, 0x11, 0xB0, 0x99, 0x10, 0x90, 0x88, 0x20, 0xC0, 0x20, 0x00, 0x89, 0x0A, 0x1D, 0xF0, 0x00,
  0xC0, 0x20, 0x00, 0x98, 0x08, 0x7C, 0xCA, 0xA0, 0x99, 0x10, 0x0C, 0x1A, 0xA0, 0x99, 0x20, 0x06,
  0xD3, 0xFF, 0x00, 0x00, 0xC0, 0x20, 0x00, 0x98, 0x08, 0x7C, 0xCA, 0xA0, 0x99, 0x10, 0x0C, 0x2A,
  0x06, 0xFA, 0xFF, 0x00, 0xE5, 0xDC, 0xFE, 0x00, 0x36, 0x61, 0x00, 0x81, 0xA6, 0xF4, 0xC0, 0x20,
  0x00, 0x78, 0x08, 0x70, 0x7A, 0x14, 0x26, 0x17, 0x07, 0x26, 0x27, 0x04, 0x0C, 0x38, 0x70, 0x78,
  0x93, 0x88, 0x02, 0xEC, 0xA8, 0xB8, 0x22, 0xA8, 0x32, 0x25, 0xD9, 0xFD, 0x66, 0x17, 0x1E, 0x81,
  0x5D, 0xF5, 0x98, 0x08, 0xDC, 0x69, 0xA1, 0x5C, 0xF5, 0xB2, 0xA5, 0x40, 0xC0, 0x20, 0x00, 0x88,
  0x0A, 0xB0, 0x88, 0x20, 0xC0, 0x20, 0x00, 0x89, 0x0A, 0x81, 0x58, 0xF5, 0x99, 0x08, 0x1D, 0xF0,
  0x00, 0x26, 0x18, 0x02, 0x46, 0x61, 0x00, 0x66, 0x17, 0x02, 0x46, 0x4D, 0x00, 0x91, 0x52, 0xF5,
  0xA2, 0xAA, 0xBF, 0xC0, 0x20, 0x00, 0x82, 0x29, 0x00, 0xA0, 0x88, 0x10, 0xC0, 0x20, 0x00, 0x82,
  0x69, 0x00, 0xA5, 0xC6, 0xFD, 0x58, 0x12, 0x92, 0xA1, 0x40, 0x81, 0x8B, 0xF4, 0x97, 0x15, 0x0B,
  0x92, 0xA1, 0xE0, 0x97, 0x95, 0x02, 0x86, 0x44, 0x00, 0xA5, 0xD4, 0xFE, 0xC0, 0x20, 0x00, 0x98,
  0x08, 0x7C, 0xBB, 0xB0, 0x99, 0x10, 0x71, 0x46, 0xF5, 0xC0, 0x20, 0x00, 0x99, 0x08, 0xC0, 0x20,
  0x00, 0x88, 0x07, 0x7C, 0xB9, 0x90, 0x88, 0x10, 0xC0, 0x20, 0x00, 0x89, 0x07, 0xC0, 0x20, 0x00,
  0x88, 0x07, 0x0C, 0x89, 0x90, 0x88, 0x20, 0xC0, 0x20, 0x00, 0x89, 0x07, 0x82, 0xA1, 0xE0, 0x87,
  0x15, 0x02, 0xC6, 0x3B, 0x00, 0x66, 0xCA, 0x02, 0x46, 0x37, 0x00, 0x0C, 0x33, 0x0C, 0x56, 0x0C,
  0x84, 0x0C, 0x09, 0xD2, 0xA0, 0x6B, 0x0C, 0x4C, 0x0C, 0x1B, 0xA2, 0xA0, 0x66, 0x99, 0x01, 0x81,
  0x38, 0xF5, 0xE0, 0x08, 0x00, 0x98, 0x01, 0xFD, 0x09, 0xC0, 0xD6, 0x11, 0xD0, 0xD9, 0x20, 0x0C,
  0x2C, 0x0C, 0x1B, 0xA2, 0xA0, 0x66, 0xF9, 0x01, 0x81, 0x32, 0xF5, 0xE0, 0x08, 0x00, 0xDD, 0x04,
  0x0C, 0x3C, 0xB2, 0xA0, 0x01, 0xA2, 0xA0, 0x66, 0x81, 0x2E, 0xF5, 0xE0, 0x08, 0x00, 0xF8, 0x01,
  0x0C, 0x0E, 0x0C, 0x2D, 0x0C, 0x5C, 0x0C, 0x1B, 0xA2, 0xA0, 0x66, 0x81, 0x6A, 0xF4, 0xE0, 0x08,
  0x00, 0xF8, 0x01, 0x0C, 0x4E, 0x0C, 0x6D, 0x0C, 0x5C, 0xB2, 0xA0, 0x01, 0xA2, 0xA0, 0x66, 0x81,
  0x65, 0xF4, 0xE0, 0x08, 0x00, 0xD2, 0xA0, 0x70, 0xD0, 0xD3, 0x20, 0x0C, 0x6C, 0xB2, 0xA0, 0x01,
  0xA2, 0xA0, 0x66, 0x81, 0x1F, 0xF5, 0xE0, 0x08, 0x00, 0x0C, 0x3F, 0x0C, 0x0E, 0x0C, 0x1D, 0x0C,
  0x9C, 0xB2, 0xA0, 0x01, 0xA2, 0xA0, 0x66, 0x81, 0x5B, 0xF4, 0xE0, 0x08, 0x00, 0xC0, 0x20, 0x00,
  0x82, 0x27, 0x00, 0x87, 0x78, 0xF6, 0xA2, 0xA0, 0x0A, 0x81, 0x41, 0xF4, 0xE0, 0x08, 0x00, 0xC0,
  0x20, 0x00, 0x82, 0x27, 0x00, 0x7C, 0x79, 0x90, 0x88, 0x10, 0xC0, 0x20, 0x00, 0x89, 0x07, 0xC0,
  0x20, 0x00, 0x88, 0x07, 0x0C, 0x49, 0x90, 0x88, 0x20, 0xC0, 0x20, 0x00, 0x89, 0x07, 0x81, 0x07,
  0xF5, 0x59, 0x08, 0xA8, 0x32, 0x65, 0xD0, 0xFF, 0x86, 0xAC, 0xFF, 0x00, 0xC0, 0x20, 0x00, 0x98,
  0x08, 0x0C, 0x4B, 0xB0, 0x99, 0x20, 0x06, 0xBB, 0xFF, 0x0C, 0x03, 0x0C, 0x46, 0x1C, 0xA4, 0x0C,
  0x19, 0x86, 0xC7, 0xFF, 0x00, 0x0C, 0x64, 0x0C, 0x19, 0x26, 0xCA, 0x03, 0x0C, 0x44, 0x0C, 0x09,
  0xD2, 0xA0, 0x69, 0x0C, 0x4C, 0x0C, 0x1B, 0xA2, 0xA0, 0x66, 0x99, 0x01, 0x81, 0xFD, 0xF4, 0xE0,
  0x08, 0x00, 0x98, 0x01, 0x0C, 0x33, 0x0C, 0x56, 0x0C, 0x0F, 0xC6, 0xC2, 0xFF, 0x26, 0x28, 0x02,
  0x86, 0x9A, 0xFF, 0xD1, 0xF4, 0xF4, 0xC1, 0xF4, 0xF4, 0xA1, 0xF4, 0xF4, 0xB2, 0xA1, 0xAB, 0xE5,
  0xBC, 0xFE, 0x00, 0x00, 0x36, 0x41, 0x00, 0x81, 0x2D, 0xF4, 0x28, 0x08, 0x1D, 0xF0, 0x00, 0x00,
  0x36, 0x41, 0x00, 0x66, 0x02, 0x02, 0xE5, 0xBC, 0xFE, 0x91, 0xEE, 0xF4, 0xA1, 0xEF, 0xF4, 0xC0,
  0x20, 0x00, 0x88, 0x09, 0xB1, 0xEE, 0xF4, 0xA0, 0x88, 0x10, 0xC0, 0x20, 0x00, 0x89, 0x09, 0xC0,
  0x20, 0x00, 0xA8, 0x09, 0x90, 0x22, 0x01, 0x20, 0x87, 0x75, 0xB0, 0xAA, 0x10, 0x90, 0x88, 0x01,
  0xA0, 0x88, 0x20, 0xC0, 0x20, 0x00, 0x89, 0x09, 0xC0, 0x20, 0x00, 0x88, 0x09, 0x0C, 0x1A, 0xA0,
  0xAA, 0x01, 0xA0, 0x88, 0x20, 0xC0, 0x20, 0x00, 0x89, 0x09, 0x1D, 0xF0, 0x36, 0x41, 0x00, 0x66,
  0x02, 0x02, 0x25, 0xB8, 0xFE, 0x91, 0xCA, 0xF4, 0x7C, 0x7A, 0xC0, 0x20, 0x00, 0x88, 0x09, 0x40,
  0x22, 0x11, 0xA0, 0x88, 0x10, 0xC0, 0x20, 0x00, 0x89, 0x09, 0xC0, 0x20, 0x00, 0xA8, 0x09, 0x7C,
  0xFB, 0x20, 0x8C, 0x24, 0xB2, 0xDB, 0x90, 0xB0, 0xAA, 0x10, 0x40, 0x88, 0x11, 0xA0, 0x88, 0x20,
  0xC0, 0x20, 0x00, 0x89, 0x09, 0xC0, 0x20, 0x00, 0x88, 0x09, 0x0C, 0x8A, 0xA0, 0x88, 0x20, 0xC0,
  0x20, 0x00, 0x89, 0x09, 0x1D, 0xF0, 0x00, 0x00, 0x36, 0x41, 0x00, 0x81, 0xCD, 0xF4, 0x0C, 0x1A,
  0xC0, 0x20, 0x00, 0x98, 0x68, 0x30, 0xAA, 0x11, 0xA0, 0x99, 0x20, 0xC0, 0x20, 0x00, 0x99, 0x68,
  0xC0, 0x20, 0x00, 0x98, 0x88, 0xA0, 0x99, 0x20, 0xC0, 0x20, 0x00, 0x99, 0x88, 0xC0, 0x20, 0x00,
  0x98, 0x88, 0x7C, 0xFA, 0xA2, 0xDA, 0xE0, 0xA0, 0x99, 0x10, 0xC0, 0x20, 0x00, 0x99, 0x88, 0x91,
  0xC1, 0xF4, 0x7C, 0xFA, 0xC0, 0x20, 0x00, 0x82, 0x29, 0x12, 0xA2, 0xDA, 0xC0, 0xA0, 0x88, 0x10,
  0xC0, 0x20, 0x00, 0x82, 0x69, 0x12, 0x1D, 0xF0, 0x00, 0x00, 0x00, 0x00, 0x00, 0x00, 0x00, 0x6E,
  0x02, 0x6D, 0x13, 0x6A, 0xDF, 0x99, 0x1C, 0xBC, 0x11, 0x03, 0x23, 0xD9, 0x02, 0x15, 0xBB, 0xB2,
  0x8E, 0xEA, 0x34, 0x1B, 0xEC, 0x44, 0x0C, 0x85, 0xE1, 0x9F, 0x71, 0xAF, 0xE9, 0x68, 0xB6, 0x91,
};
